MGA_1010	Bl-ODIWGS87	unique
MGA_1019	Bl-ODIWGS87	unique
MGA_103	Bl-ODIWGS87	unique
MGA_1030	Bl-ODIWGS87	unique
MGA_1047	Bl-ODIWGS87	unique
MGA_1049	Bl-ODIWGS87	unique
MGA_1052	Bl-ODIWGS87	unique
MGA_1053	Bl-ODIWGS87	unique
MGA_1054	Bl-ODIWGS87	unique
MGA_1055	Bl-ODIWGS87	unique
MGA_1060	Bl-ODIWGS87	unique
MGA_1063	Bl-ODIWGS87	unique
MGA_1064	Bl-ODIWGS87	unique
MGA_1076	Bl-ODIWGS87	unique
MGA_1088	Bl-ODIWGS87	unique
MGA_1108	Bl-ODIWGS87	unique
MGA_1114	Bl-ODIWGS87	unique
MGA_1115	Bl-ODIWGS87	unique
MGA_1116	Bl-ODIWGS87	unique
MGA_1117	Bl-ODIWGS87	unique
MGA_1196	Bl-ODIWGS87	unique
MGA_1197	Bl-ODIWGS87	unique
MGA_1198	Bl-ODIWGS87	unique
MGA_1199	Bl-ODIWGS87	unique
MGA_1200	Bl-ODIWGS87	unique
MGA_1201	Bl-ODIWGS87	unique
MGA_1202	Bl-ODIWGS87	unique
MGA_1203	Bl-ODIWGS87	unique
MGA_1204	Bl-ODIWGS87	unique
MGA_1205	Bl-ODIWGS87	unique
MGA_1206	Bl-ODIWGS87	unique
MGA_1207	Bl-ODIWGS87	unique
MGA_1208	Bl-ODIWGS87	unique
MGA_1209	Bl-ODIWGS87	unique
MGA_1210	Bl-ODIWGS87	unique
MGA_1211	Bl-ODIWGS87	unique
MGA_1212	Bl-ODIWGS87	unique
MGA_1213	Bl-ODIWGS87	unique
MGA_1214	Bl-ODIWGS87	unique
MGA_1215	Bl-ODIWGS87	unique
MGA_1216	Bl-ODIWGS87	unique
MGA_1217	Bl-ODIWGS87	unique
MGA_1218	Bl-ODIWGS87	unique
MGA_1219	Bl-ODIWGS87	unique
MGA_1220	Bl-ODIWGS87	unique
MGA_1221	Bl-ODIWGS87	unique
MGA_1222	Bl-ODIWGS87	unique
MGA_1223	Bl-ODIWGS87	unique
MGA_1224	Bl-ODIWGS87	unique
MGA_1257	Bl-ODIWGS87	unique
MGA_1262	Bl-ODIWGS87	unique
MGA_1264	Bl-ODIWGS87	unique
MGA_1283	Bl-ODIWGS87	unique
MGA_1284	Bl-ODIWGS87	unique
MGA_1286	Bl-ODIWGS87	unique
MGA_1287	Bl-ODIWGS87	unique
MGA_1292	Bl-ODIWGS87	unique
MGA_131	Bl-ODIWGS87	unique
MGA_1356	Bl-ODIWGS87	unique
MGA_1357	Bl-ODIWGS87	unique
MGA_1359	Bl-ODIWGS87	unique
MGA_1387	Bl-ODIWGS87	unique
MGA_1388	Bl-ODIWGS87	unique
MGA_1390	Bl-ODIWGS87	unique
MGA_1391	Bl-ODIWGS87	unique
MGA_1392	Bl-ODIWGS87	unique
MGA_1393	Bl-ODIWGS87	unique
MGA_1394	Bl-ODIWGS87	unique
MGA_1395	Bl-ODIWGS87	unique
MGA_1396	Bl-ODIWGS87	unique
MGA_1397	Bl-ODIWGS87	unique
MGA_142	Bl-ODIWGS87	unique
MGA_1435	Bl-ODIWGS87	unique
MGA_1436	Bl-ODIWGS87	unique
MGA_1452	Bl-ODIWGS87	unique
MGA_1465	Bl-ODIWGS87	unique
MGA_1466	Bl-ODIWGS87	unique
MGA_1467	Bl-ODIWGS87	unique
MGA_1468	Bl-ODIWGS87	unique
MGA_1469	Bl-ODIWGS87	unique
MGA_1470	Bl-ODIWGS87	unique
MGA_1471	Bl-ODIWGS87	unique
MGA_1472	Bl-ODIWGS87	unique
MGA_1473	Bl-ODIWGS87	unique
MGA_1474	Bl-ODIWGS87	unique
MGA_1482	Bl-ODIWGS87	unique
MGA_1511	Bl-ODIWGS87	unique
MGA_1512	Bl-ODIWGS87	unique
MGA_1514	Bl-ODIWGS87	unique
MGA_158	Bl-ODIWGS87	unique
MGA_1613	Bl-ODIWGS87	unique
MGA_1614	Bl-ODIWGS87	unique
MGA_1615	Bl-ODIWGS87	unique
MGA_1616	Bl-ODIWGS87	unique
MGA_1617	Bl-ODIWGS87	unique
MGA_1618	Bl-ODIWGS87	unique
MGA_1636	Bl-ODIWGS87	unique
MGA_1639	Bl-ODIWGS87	unique
MGA_1647	Bl-ODIWGS87	unique
MGA_1648	Bl-ODIWGS87	unique
MGA_1650	Bl-ODIWGS87	unique
MGA_1651	Bl-ODIWGS87	unique
MGA_1652	Bl-ODIWGS87	unique
MGA_1653	Bl-ODIWGS87	unique
MGA_1654	Bl-ODIWGS87	unique
MGA_1655	Bl-ODIWGS87	unique
MGA_1656	Bl-ODIWGS87	unique
MGA_1657	Bl-ODIWGS87	unique
MGA_1658	Bl-ODIWGS87	unique
MGA_1659	Bl-ODIWGS87	unique
MGA_1660	Bl-ODIWGS87	unique
MGA_1661	Bl-ODIWGS87	unique
MGA_1662	Bl-ODIWGS87	unique
MGA_1663	Bl-ODIWGS87	unique
MGA_1671	Bl-ODIWGS87	unique
MGA_1681	Bl-ODIWGS87	unique
MGA_1683	Bl-ODIWGS87	unique
MGA_1684	Bl-ODIWGS87	unique
MGA_1694	Bl-ODIWGS87	unique
MGA_1709	Bl-ODIWGS87	unique
MGA_1710	Bl-ODIWGS87	unique
MGA_1736	Bl-ODIWGS87	unique
MGA_1741	Bl-ODIWGS87	unique
MGA_1751	Bl-ODIWGS87	unique
MGA_1752	Bl-ODIWGS87	unique
MGA_1758	Bl-ODIWGS87	unique
MGA_1759	Bl-ODIWGS87	unique
MGA_1760	Bl-ODIWGS87	unique
MGA_1762	Bl-ODIWGS87	unique
MGA_1769	Bl-ODIWGS87	unique
MGA_1788	Bl-ODIWGS87	unique
MGA_1792	Bl-ODIWGS87	unique
MGA_1793	Bl-ODIWGS87	unique
MGA_1794	Bl-ODIWGS87	unique
MGA_1810	Bl-ODIWGS87	unique
MGA_1813	Bl-ODIWGS87	unique
MGA_1840	Bl-ODIWGS87	unique
MGA_1841	Bl-ODIWGS87	unique
MGA_1842	Bl-ODIWGS87	unique
MGA_1843	Bl-ODIWGS87	unique
MGA_1844	Bl-ODIWGS87	unique
MGA_1850	Bl-ODIWGS87	unique
MGA_1851	Bl-ODIWGS87	unique
MGA_1864	Bl-ODIWGS87	unique
MGA_1870	Bl-ODIWGS87	unique
MGA_1874	Bl-ODIWGS87	unique
MGA_233	Bl-ODIWGS87	unique
MGA_239	Bl-ODIWGS87	unique
MGA_28	Bl-ODIWGS87	unique
MGA_285	Bl-ODIWGS87	unique
MGA_314	Bl-ODIWGS87	unique
MGA_315	Bl-ODIWGS87	unique
MGA_320	Bl-ODIWGS87	unique
MGA_321	Bl-ODIWGS87	unique
MGA_326	Bl-ODIWGS87	unique
MGA_327	Bl-ODIWGS87	unique
MGA_328	Bl-ODIWGS87	unique
MGA_329	Bl-ODIWGS87	unique
MGA_336	Bl-ODIWGS87	unique
MGA_337	Bl-ODIWGS87	unique
MGA_338	Bl-ODIWGS87	unique
MGA_339	Bl-ODIWGS87	unique
MGA_340	Bl-ODIWGS87	unique
MGA_341	Bl-ODIWGS87	unique
MGA_342	Bl-ODIWGS87	unique
MGA_343	Bl-ODIWGS87	unique
MGA_344	Bl-ODIWGS87	unique
MGA_345	Bl-ODIWGS87	unique
MGA_346	Bl-ODIWGS87	unique
MGA_347	Bl-ODIWGS87	unique
MGA_348	Bl-ODIWGS87	unique
MGA_358	Bl-ODIWGS87	unique
MGA_374	Bl-ODIWGS87	unique
MGA_379	Bl-ODIWGS87	unique
MGA_39	Bl-ODIWGS87	unique
MGA_391	Bl-ODIWGS87	unique
MGA_392	Bl-ODIWGS87	unique
MGA_397	Bl-ODIWGS87	unique
MGA_398	Bl-ODIWGS87	unique
MGA_40	Bl-ODIWGS87	unique
MGA_41	Bl-ODIWGS87	unique
MGA_432	Bl-ODIWGS87	unique
MGA_437	Bl-ODIWGS87	unique
MGA_438	Bl-ODIWGS87	unique
MGA_439	Bl-ODIWGS87	unique
MGA_453	Bl-ODIWGS87	unique
MGA_47	Bl-ODIWGS87	unique
MGA_48	Bl-ODIWGS87	unique
MGA_49	Bl-ODIWGS87	unique
MGA_491	Bl-ODIWGS87	unique
MGA_5	Bl-ODIWGS87	unique
MGA_50	Bl-ODIWGS87	unique
MGA_509	Bl-ODIWGS87	unique
MGA_51	Bl-ODIWGS87	unique
MGA_514	Bl-ODIWGS87	unique
MGA_516	Bl-ODIWGS87	unique
MGA_52	Bl-ODIWGS87	unique
MGA_522	Bl-ODIWGS87	unique
MGA_523	Bl-ODIWGS87	unique
MGA_524	Bl-ODIWGS87	unique
MGA_525	Bl-ODIWGS87	unique
MGA_53	Bl-ODIWGS87	unique
MGA_544	Bl-ODIWGS87	unique
MGA_575	Bl-ODIWGS87	unique
MGA_589	Bl-ODIWGS87	unique
MGA_60	Bl-ODIWGS87	unique
MGA_601	Bl-ODIWGS87	unique
MGA_602	Bl-ODIWGS87	unique
MGA_603	Bl-ODIWGS87	unique
MGA_604	Bl-ODIWGS87	unique
MGA_611	Bl-ODIWGS87	unique
MGA_625	Bl-ODIWGS87	unique
MGA_641	Bl-ODIWGS87	unique
MGA_642	Bl-ODIWGS87	unique
MGA_646	Bl-ODIWGS87	unique
MGA_647	Bl-ODIWGS87	unique
MGA_666	Bl-ODIWGS87	unique
MGA_68	Bl-ODIWGS87	unique
MGA_684	Bl-ODIWGS87	unique
MGA_685	Bl-ODIWGS87	unique
MGA_689	Bl-ODIWGS87	unique
MGA_69	Bl-ODIWGS87	unique
MGA_721	Bl-ODIWGS87	unique
MGA_734	Bl-ODIWGS87	unique
MGA_760	Bl-ODIWGS87	unique
MGA_767	Bl-ODIWGS87	unique
MGA_768	Bl-ODIWGS87	unique
MGA_769	Bl-ODIWGS87	unique
MGA_770	Bl-ODIWGS87	unique
MGA_771	Bl-ODIWGS87	unique
MGA_776	Bl-ODIWGS87	unique
MGA_790	Bl-ODIWGS87	unique
MGA_791	Bl-ODIWGS87	unique
MGA_792	Bl-ODIWGS87	unique
MGA_813	Bl-ODIWGS87	unique
MGA_818	Bl-ODIWGS87	unique
MGA_819	Bl-ODIWGS87	unique
MGA_820	Bl-ODIWGS87	unique
MGA_821	Bl-ODIWGS87	unique
MGA_822	Bl-ODIWGS87	unique
MGA_825	Bl-ODIWGS87	unique
MGA_826	Bl-ODIWGS87	unique
MGA_827	Bl-ODIWGS87	unique
MGA_828	Bl-ODIWGS87	unique
MGA_829	Bl-ODIWGS87	unique
MGA_830	Bl-ODIWGS87	unique
MGA_831	Bl-ODIWGS87	unique
MGA_832	Bl-ODIWGS87	unique
MGA_833	Bl-ODIWGS87	unique
MGA_834	Bl-ODIWGS87	unique
MGA_835	Bl-ODIWGS87	unique
MGA_836	Bl-ODIWGS87	unique
MGA_839	Bl-ODIWGS87	unique
MGA_847	Bl-ODIWGS87	unique
MGA_848	Bl-ODIWGS87	unique
MGA_849	Bl-ODIWGS87	unique
MGA_850	Bl-ODIWGS87	unique
MGA_851	Bl-ODIWGS87	unique
MGA_852	Bl-ODIWGS87	unique
MGA_888	Bl-ODIWGS87	unique
MGA_937	Bl-ODIWGS87	unique
MGA_972	Bl-ODIWGS87	unique
MGA_973	Bl-ODIWGS87	unique
MGA_974	Bl-ODIWGS87	unique
MGA_975	Bl-ODIWGS87	unique
MGA_976	Bl-ODIWGS87	unique
MGA_977	Bl-ODIWGS87	unique
MGA_978	Bl-ODIWGS87	unique
MGA_979	Bl-ODIWGS87	unique
MGA_980	Bl-ODIWGS87	unique
MGA_981	Bl-ODIWGS87	unique
MGA_982	Bl-ODIWGS87	unique
MGA_983	Bl-ODIWGS87	unique
MGA_984	Bl-ODIWGS87	unique
MGA_985	Bl-ODIWGS87	unique
MGA_986	Bl-ODIWGS87	unique
MGA_994	Bl-ODIWGS87	unique
MGA_995	Bl-ODIWGS87	unique
MGA_996	Bl-ODIWGS87	unique
MGA_1017	Bl-ODIWGS93	unique
MGA_1021	Bl-ODIWGS93	unique
MGA_1022	Bl-ODIWGS93	unique
MGA_1023	Bl-ODIWGS93	unique
MGA_1048	Bl-ODIWGS93	unique
MGA_1056	Bl-ODIWGS93	unique
MGA_1061	Bl-ODIWGS93	unique
MGA_1062	Bl-ODIWGS93	unique
MGA_1063	Bl-ODIWGS93	unique
MGA_1064	Bl-ODIWGS93	unique
MGA_1065	Bl-ODIWGS93	unique
MGA_1066	Bl-ODIWGS93	unique
MGA_11	Bl-ODIWGS93	unique
MGA_1116	Bl-ODIWGS93	unique
MGA_1117	Bl-ODIWGS93	unique
MGA_1118	Bl-ODIWGS93	unique
MGA_1119	Bl-ODIWGS93	unique
MGA_1120	Bl-ODIWGS93	unique
MGA_114	Bl-ODIWGS93	unique
MGA_1164	Bl-ODIWGS93	unique
MGA_1166	Bl-ODIWGS93	unique
MGA_1183	Bl-ODIWGS93	unique
MGA_1231	Bl-ODIWGS93	unique
MGA_1232	Bl-ODIWGS93	unique
MGA_1240	Bl-ODIWGS93	unique
MGA_1258	Bl-ODIWGS93	unique
MGA_1259	Bl-ODIWGS93	unique
MGA_1261	Bl-ODIWGS93	unique
MGA_1286	Bl-ODIWGS93	unique
MGA_1287	Bl-ODIWGS93	unique
MGA_1341	Bl-ODIWGS93	unique
MGA_1342	Bl-ODIWGS93	unique
MGA_1343	Bl-ODIWGS93	unique
MGA_1344	Bl-ODIWGS93	unique
MGA_1345	Bl-ODIWGS93	unique
MGA_1346	Bl-ODIWGS93	unique
MGA_1347	Bl-ODIWGS93	unique
MGA_1348	Bl-ODIWGS93	unique
MGA_1349	Bl-ODIWGS93	unique
MGA_1350	Bl-ODIWGS93	unique
MGA_1351	Bl-ODIWGS93	unique
MGA_1352	Bl-ODIWGS93	unique
MGA_1353	Bl-ODIWGS93	unique
MGA_1354	Bl-ODIWGS93	unique
MGA_1355	Bl-ODIWGS93	unique
MGA_1356	Bl-ODIWGS93	unique
MGA_1357	Bl-ODIWGS93	unique
MGA_1358	Bl-ODIWGS93	unique
MGA_136	Bl-ODIWGS93	unique
MGA_137	Bl-ODIWGS93	unique
MGA_1374	Bl-ODIWGS93	unique
MGA_1378	Bl-ODIWGS93	unique
MGA_138	Bl-ODIWGS93	unique
MGA_1381	Bl-ODIWGS93	unique
MGA_1382	Bl-ODIWGS93	unique
MGA_1383	Bl-ODIWGS93	unique
MGA_1384	Bl-ODIWGS93	unique
MGA_1387	Bl-ODIWGS93	unique
MGA_1391	Bl-ODIWGS93	unique
MGA_1393	Bl-ODIWGS93	unique
MGA_1395	Bl-ODIWGS93	unique
MGA_1396	Bl-ODIWGS93	unique
MGA_1399	Bl-ODIWGS93	unique
MGA_1414	Bl-ODIWGS93	unique
MGA_143	Bl-ODIWGS93	unique
MGA_144	Bl-ODIWGS93	unique
MGA_1460	Bl-ODIWGS93	unique
MGA_1461	Bl-ODIWGS93	unique
MGA_1465	Bl-ODIWGS93	unique
MGA_1466	Bl-ODIWGS93	unique
MGA_1467	Bl-ODIWGS93	unique
MGA_1468	Bl-ODIWGS93	unique
MGA_1495	Bl-ODIWGS93	unique
MGA_1496	Bl-ODIWGS93	unique
MGA_15	Bl-ODIWGS93	unique
MGA_1512	Bl-ODIWGS93	unique
MGA_1513	Bl-ODIWGS93	unique
MGA_1514	Bl-ODIWGS93	unique
MGA_1515	Bl-ODIWGS93	unique
MGA_1516	Bl-ODIWGS93	unique
MGA_1517	Bl-ODIWGS93	unique
MGA_1518	Bl-ODIWGS93	unique
MGA_1519	Bl-ODIWGS93	unique
MGA_1520	Bl-ODIWGS93	unique
MGA_1521	Bl-ODIWGS93	unique
MGA_1522	Bl-ODIWGS93	unique
MGA_1523	Bl-ODIWGS93	unique
MGA_1524	Bl-ODIWGS93	unique
MGA_1525	Bl-ODIWGS93	unique
MGA_1526	Bl-ODIWGS93	unique
MGA_1527	Bl-ODIWGS93	unique
MGA_1528	Bl-ODIWGS93	unique
MGA_1529	Bl-ODIWGS93	unique
MGA_1536	Bl-ODIWGS93	unique
MGA_1556	Bl-ODIWGS93	unique
MGA_1613	Bl-ODIWGS93	unique
MGA_1617	Bl-ODIWGS93	unique
MGA_162	Bl-ODIWGS93	unique
MGA_1622	Bl-ODIWGS93	unique
MGA_1623	Bl-ODIWGS93	unique
MGA_163	Bl-ODIWGS93	unique
MGA_1638	Bl-ODIWGS93	unique
MGA_1639	Bl-ODIWGS93	unique
MGA_164	Bl-ODIWGS93	unique
MGA_165	Bl-ODIWGS93	unique
MGA_1656	Bl-ODIWGS93	unique
MGA_166	Bl-ODIWGS93	unique
MGA_167	Bl-ODIWGS93	unique
MGA_1676	Bl-ODIWGS93	unique
MGA_1677	Bl-ODIWGS93	unique
MGA_168	Bl-ODIWGS93	unique
MGA_1685	Bl-ODIWGS93	unique
MGA_1686	Bl-ODIWGS93	unique
MGA_169	Bl-ODIWGS93	unique
MGA_1693	Bl-ODIWGS93	unique
MGA_1694	Bl-ODIWGS93	unique
MGA_1695	Bl-ODIWGS93	unique
MGA_1696	Bl-ODIWGS93	unique
MGA_1697	Bl-ODIWGS93	unique
MGA_1698	Bl-ODIWGS93	unique
MGA_1699	Bl-ODIWGS93	unique
MGA_1701	Bl-ODIWGS93	unique
MGA_1702	Bl-ODIWGS93	unique
MGA_1703	Bl-ODIWGS93	unique
MGA_1731	Bl-ODIWGS93	unique
MGA_1732	Bl-ODIWGS93	unique
MGA_1733	Bl-ODIWGS93	unique
MGA_1734	Bl-ODIWGS93	unique
MGA_1735	Bl-ODIWGS93	unique
MGA_1736	Bl-ODIWGS93	unique
MGA_1737	Bl-ODIWGS93	unique
MGA_1738	Bl-ODIWGS93	unique
MGA_1739	Bl-ODIWGS93	unique
MGA_1740	Bl-ODIWGS93	unique
MGA_1741	Bl-ODIWGS93	unique
MGA_1742	Bl-ODIWGS93	unique
MGA_1743	Bl-ODIWGS93	unique
MGA_1744	Bl-ODIWGS93	unique
MGA_1745	Bl-ODIWGS93	unique
MGA_1753	Bl-ODIWGS93	unique
MGA_1756	Bl-ODIWGS93	unique
MGA_1766	Bl-ODIWGS93	unique
MGA_1767	Bl-ODIWGS93	unique
MGA_1779	Bl-ODIWGS93	unique
MGA_1780	Bl-ODIWGS93	unique
MGA_1781	Bl-ODIWGS93	unique
MGA_1786	Bl-ODIWGS93	unique
MGA_1800	Bl-ODIWGS93	unique
MGA_1803	Bl-ODIWGS93	unique
MGA_1804	Bl-ODIWGS93	unique
MGA_1805	Bl-ODIWGS93	unique
MGA_1806	Bl-ODIWGS93	unique
MGA_1807	Bl-ODIWGS93	unique
MGA_1808	Bl-ODIWGS93	unique
MGA_1809	Bl-ODIWGS93	unique
MGA_1810	Bl-ODIWGS93	unique
MGA_1811	Bl-ODIWGS93	unique
MGA_1819	Bl-ODIWGS93	unique
MGA_1826	Bl-ODIWGS93	unique
MGA_1827	Bl-ODIWGS93	unique
MGA_1828	Bl-ODIWGS93	unique
MGA_1830	Bl-ODIWGS93	unique
MGA_1831	Bl-ODIWGS93	unique
MGA_1832	Bl-ODIWGS93	unique
MGA_1833	Bl-ODIWGS93	unique
MGA_1834	Bl-ODIWGS93	unique
MGA_1835	Bl-ODIWGS93	unique
MGA_1841	Bl-ODIWGS93	unique
MGA_1842	Bl-ODIWGS93	unique
MGA_1850	Bl-ODIWGS93	unique
MGA_1852	Bl-ODIWGS93	unique
MGA_1853	Bl-ODIWGS93	unique
MGA_1855	Bl-ODIWGS93	unique
MGA_1856	Bl-ODIWGS93	unique
MGA_186	Bl-ODIWGS93	unique
MGA_1860	Bl-ODIWGS93	unique
MGA_1862	Bl-ODIWGS93	unique
MGA_1868	Bl-ODIWGS93	unique
MGA_1869	Bl-ODIWGS93	unique
MGA_1872	Bl-ODIWGS93	unique
MGA_1881	Bl-ODIWGS93	unique
MGA_191	Bl-ODIWGS93	unique
MGA_204	Bl-ODIWGS93	unique
MGA_205	Bl-ODIWGS93	unique
MGA_211	Bl-ODIWGS93	unique
MGA_22	Bl-ODIWGS93	unique
MGA_283	Bl-ODIWGS93	unique
MGA_287	Bl-ODIWGS93	unique
MGA_288	Bl-ODIWGS93	unique
MGA_289	Bl-ODIWGS93	unique
MGA_290	Bl-ODIWGS93	unique
MGA_295	Bl-ODIWGS93	unique
MGA_375	Bl-ODIWGS93	unique
MGA_376	Bl-ODIWGS93	unique
MGA_381	Bl-ODIWGS93	unique
MGA_392	Bl-ODIWGS93	unique
MGA_394	Bl-ODIWGS93	unique
MGA_414	Bl-ODIWGS93	unique
MGA_476	Bl-ODIWGS93	unique
MGA_486	Bl-ODIWGS93	unique
MGA_497	Bl-ODIWGS93	unique
MGA_5	Bl-ODIWGS93	unique
MGA_500	Bl-ODIWGS93	unique
MGA_528	Bl-ODIWGS93	unique
MGA_529	Bl-ODIWGS93	unique
MGA_530	Bl-ODIWGS93	unique
MGA_531	Bl-ODIWGS93	unique
MGA_532	Bl-ODIWGS93	unique
MGA_533	Bl-ODIWGS93	unique
MGA_534	Bl-ODIWGS93	unique
MGA_535	Bl-ODIWGS93	unique
MGA_536	Bl-ODIWGS93	unique
MGA_537	Bl-ODIWGS93	unique
MGA_538	Bl-ODIWGS93	unique
MGA_539	Bl-ODIWGS93	unique
MGA_540	Bl-ODIWGS93	unique
MGA_541	Bl-ODIWGS93	unique
MGA_542	Bl-ODIWGS93	unique
MGA_543	Bl-ODIWGS93	unique
MGA_544	Bl-ODIWGS93	unique
MGA_545	Bl-ODIWGS93	unique
MGA_546	Bl-ODIWGS93	unique
MGA_547	Bl-ODIWGS93	unique
MGA_548	Bl-ODIWGS93	unique
MGA_549	Bl-ODIWGS93	unique
MGA_550	Bl-ODIWGS93	unique
MGA_551	Bl-ODIWGS93	unique
MGA_552	Bl-ODIWGS93	unique
MGA_553	Bl-ODIWGS93	unique
MGA_554	Bl-ODIWGS93	unique
MGA_555	Bl-ODIWGS93	unique
MGA_556	Bl-ODIWGS93	unique
MGA_559	Bl-ODIWGS93	unique
MGA_593	Bl-ODIWGS93	unique
MGA_594	Bl-ODIWGS93	unique
MGA_658	Bl-ODIWGS93	unique
MGA_665	Bl-ODIWGS93	unique
MGA_666	Bl-ODIWGS93	unique
MGA_667	Bl-ODIWGS93	unique
MGA_668	Bl-ODIWGS93	unique
MGA_669	Bl-ODIWGS93	unique
MGA_670	Bl-ODIWGS93	unique
MGA_671	Bl-ODIWGS93	unique
MGA_672	Bl-ODIWGS93	unique
MGA_673	Bl-ODIWGS93	unique
MGA_674	Bl-ODIWGS93	unique
MGA_681	Bl-ODIWGS93	unique
MGA_682	Bl-ODIWGS93	unique
MGA_688	Bl-ODIWGS93	unique
MGA_689	Bl-ODIWGS93	unique
MGA_690	Bl-ODIWGS93	unique
MGA_699	Bl-ODIWGS93	unique
MGA_717	Bl-ODIWGS93	unique
MGA_732	Bl-ODIWGS93	unique
MGA_763	Bl-ODIWGS93	unique
MGA_782	Bl-ODIWGS93	unique
MGA_783	Bl-ODIWGS93	unique
MGA_794	Bl-ODIWGS93	unique
MGA_875	Bl-ODIWGS93	unique
MGA_876	Bl-ODIWGS93	unique
MGA_877	Bl-ODIWGS93	unique
MGA_878	Bl-ODIWGS93	unique
MGA_879	Bl-ODIWGS93	unique
MGA_883	Bl-ODIWGS93	unique
MGA_887	Bl-ODIWGS93	unique
MGA_893	Bl-ODIWGS93	unique
MGA_894	Bl-ODIWGS93	unique
MGA_895	Bl-ODIWGS93	unique
MGA_896	Bl-ODIWGS93	unique
MGA_897	Bl-ODIWGS93	unique
MGA_898	Bl-ODIWGS93	unique
MGA_899	Bl-ODIWGS93	unique
MGA_900	Bl-ODIWGS93	unique
MGA_901	Bl-ODIWGS93	unique
MGA_902	Bl-ODIWGS93	unique
MGA_903	Bl-ODIWGS93	unique
MGA_916	Bl-ODIWGS93	unique
MGA_917	Bl-ODIWGS93	unique
MGA_918	Bl-ODIWGS93	unique
MGA_919	Bl-ODIWGS93	unique
MGA_920	Bl-ODIWGS93	unique
MGA_921	Bl-ODIWGS93	unique
MGA_922	Bl-ODIWGS93	unique
MGA_923	Bl-ODIWGS93	unique
MGA_924	Bl-ODIWGS93	unique
MGA_925	Bl-ODIWGS93	unique
MGA_926	Bl-ODIWGS93	unique
MGA_927	Bl-ODIWGS93	unique
MGA_937	Bl-ODIWGS93	unique
MGA_940	Bl-ODIWGS93	unique
MGA_941	Bl-ODIWGS93	unique
MGA_975	Bl-ODIWGS93	unique
MGA_979	Bl-ODIWGS93	unique
MGA_981	Bl-ODIWGS93	unique
MGA_982	Bl-ODIWGS93	unique
MGA_983	Bl-ODIWGS93	unique
MGA_984	Bl-ODIWGS93	unique
MGA_985	Bl-ODIWGS93	unique
MGA_986	Bl-ODIWGS93	unique
MGA_993	Bl-ODIWGS93	unique
MGA_994	Bl-ODIWGS93	unique
MGA_10	Bl-ODIWGS87	shared
MGA_100	Bl-ODIWGS87	shared
MGA_1000	Bl-ODIWGS87	shared
MGA_1001	Bl-ODIWGS87	shared
MGA_1002	Bl-ODIWGS87	shared
MGA_1003	Bl-ODIWGS87	shared
MGA_1004	Bl-ODIWGS87	shared
MGA_1005	Bl-ODIWGS87	shared
MGA_1006	Bl-ODIWGS87	shared
MGA_1007	Bl-ODIWGS87	shared
MGA_1008	Bl-ODIWGS87	shared
MGA_1009	Bl-ODIWGS87	shared
MGA_101	Bl-ODIWGS87	shared
MGA_1011	Bl-ODIWGS87	shared
MGA_1012	Bl-ODIWGS87	shared
MGA_1013	Bl-ODIWGS87	shared
MGA_1014	Bl-ODIWGS87	shared
MGA_1015	Bl-ODIWGS87	shared
MGA_1016	Bl-ODIWGS87	shared
MGA_1017	Bl-ODIWGS87	shared
MGA_1018	Bl-ODIWGS87	shared
MGA_102	Bl-ODIWGS87	shared
MGA_1020	Bl-ODIWGS87	shared
MGA_1021	Bl-ODIWGS87	shared
MGA_1022	Bl-ODIWGS87	shared
MGA_1023	Bl-ODIWGS87	shared
MGA_1024	Bl-ODIWGS87	shared
MGA_1025	Bl-ODIWGS87	shared
MGA_1026	Bl-ODIWGS87	shared
MGA_1027	Bl-ODIWGS87	shared
MGA_1028	Bl-ODIWGS87	shared
MGA_1029	Bl-ODIWGS87	shared
MGA_1031	Bl-ODIWGS87	shared
MGA_1032	Bl-ODIWGS87	shared
MGA_1033	Bl-ODIWGS87	shared
MGA_1034	Bl-ODIWGS87	shared
MGA_1035	Bl-ODIWGS87	shared
MGA_1036	Bl-ODIWGS87	shared
MGA_1037	Bl-ODIWGS87	shared
MGA_1038	Bl-ODIWGS87	shared
MGA_1039	Bl-ODIWGS87	shared
MGA_104	Bl-ODIWGS87	shared
MGA_1040	Bl-ODIWGS87	shared
MGA_1041	Bl-ODIWGS87	shared
MGA_1042	Bl-ODIWGS87	shared
MGA_1043	Bl-ODIWGS87	shared
MGA_1044	Bl-ODIWGS87	shared
MGA_1045	Bl-ODIWGS87	shared
MGA_1046	Bl-ODIWGS87	shared
MGA_105	Bl-ODIWGS87	shared
MGA_1050	Bl-ODIWGS87	shared
MGA_1051	Bl-ODIWGS87	shared
MGA_1056	Bl-ODIWGS87	shared
MGA_1057	Bl-ODIWGS87	shared
MGA_1058	Bl-ODIWGS87	shared
MGA_1059	Bl-ODIWGS87	shared
MGA_106	Bl-ODIWGS87	shared
MGA_1061	Bl-ODIWGS87	shared
MGA_1062	Bl-ODIWGS87	shared
MGA_1065	Bl-ODIWGS87	shared
MGA_1066	Bl-ODIWGS87	shared
MGA_1067	Bl-ODIWGS87	shared
MGA_1068	Bl-ODIWGS87	shared
MGA_1069	Bl-ODIWGS87	shared
MGA_107	Bl-ODIWGS87	shared
MGA_1070	Bl-ODIWGS87	shared
MGA_1071	Bl-ODIWGS87	shared
MGA_1072	Bl-ODIWGS87	shared
MGA_1073	Bl-ODIWGS87	shared
MGA_1074	Bl-ODIWGS87	shared
MGA_1075	Bl-ODIWGS87	shared
MGA_1077	Bl-ODIWGS87	shared
MGA_1078	Bl-ODIWGS87	shared
MGA_1079	Bl-ODIWGS87	shared
MGA_108	Bl-ODIWGS87	shared
MGA_1080	Bl-ODIWGS87	shared
MGA_1081	Bl-ODIWGS87	shared
MGA_1082	Bl-ODIWGS87	shared
MGA_1083	Bl-ODIWGS87	shared
MGA_1084	Bl-ODIWGS87	shared
MGA_1085	Bl-ODIWGS87	shared
MGA_1086	Bl-ODIWGS87	shared
MGA_1087	Bl-ODIWGS87	shared
MGA_1089	Bl-ODIWGS87	shared
MGA_109	Bl-ODIWGS87	shared
MGA_1090	Bl-ODIWGS87	shared
MGA_1091	Bl-ODIWGS87	shared
MGA_1092	Bl-ODIWGS87	shared
MGA_1093	Bl-ODIWGS87	shared
MGA_1094	Bl-ODIWGS87	shared
MGA_1095	Bl-ODIWGS87	shared
MGA_1096	Bl-ODIWGS87	shared
MGA_1097	Bl-ODIWGS87	shared
MGA_1098	Bl-ODIWGS87	shared
MGA_1099	Bl-ODIWGS87	shared
MGA_11	Bl-ODIWGS87	shared
MGA_110	Bl-ODIWGS87	shared
MGA_1100	Bl-ODIWGS87	shared
MGA_1101	Bl-ODIWGS87	shared
MGA_1102	Bl-ODIWGS87	shared
MGA_1103	Bl-ODIWGS87	shared
MGA_1104	Bl-ODIWGS87	shared
MGA_1105	Bl-ODIWGS87	shared
MGA_1106	Bl-ODIWGS87	shared
MGA_1109	Bl-ODIWGS87	shared
MGA_111	Bl-ODIWGS87	shared
MGA_1110	Bl-ODIWGS87	shared
MGA_1111	Bl-ODIWGS87	shared
MGA_1112	Bl-ODIWGS87	shared
MGA_1113	Bl-ODIWGS87	shared
MGA_1119	Bl-ODIWGS87	shared
MGA_112	Bl-ODIWGS87	shared
MGA_1120	Bl-ODIWGS87	shared
MGA_1121	Bl-ODIWGS87	shared
MGA_1122	Bl-ODIWGS87	shared
MGA_1123	Bl-ODIWGS87	shared
MGA_1124	Bl-ODIWGS87	shared
MGA_1125	Bl-ODIWGS87	shared
MGA_1126	Bl-ODIWGS87	shared
MGA_1127	Bl-ODIWGS87	shared
MGA_1128	Bl-ODIWGS87	shared
MGA_1129	Bl-ODIWGS87	shared
MGA_113	Bl-ODIWGS87	shared
MGA_1130	Bl-ODIWGS87	shared
MGA_1131	Bl-ODIWGS87	shared
MGA_1132	Bl-ODIWGS87	shared
MGA_1133	Bl-ODIWGS87	shared
MGA_1134	Bl-ODIWGS87	shared
MGA_1135	Bl-ODIWGS87	shared
MGA_1136	Bl-ODIWGS87	shared
MGA_1137	Bl-ODIWGS87	shared
MGA_1138	Bl-ODIWGS87	shared
MGA_1139	Bl-ODIWGS87	shared
MGA_114	Bl-ODIWGS87	shared
MGA_1140	Bl-ODIWGS87	shared
MGA_1141	Bl-ODIWGS87	shared
MGA_1142	Bl-ODIWGS87	shared
MGA_1143	Bl-ODIWGS87	shared
MGA_1144	Bl-ODIWGS87	shared
MGA_1145	Bl-ODIWGS87	shared
MGA_1146	Bl-ODIWGS87	shared
MGA_1147	Bl-ODIWGS87	shared
MGA_1148	Bl-ODIWGS87	shared
MGA_1149	Bl-ODIWGS87	shared
MGA_115	Bl-ODIWGS87	shared
MGA_1150	Bl-ODIWGS87	shared
MGA_1151	Bl-ODIWGS87	shared
MGA_1152	Bl-ODIWGS87	shared
MGA_1153	Bl-ODIWGS87	shared
MGA_1154	Bl-ODIWGS87	shared
MGA_1155	Bl-ODIWGS87	shared
MGA_1156	Bl-ODIWGS87	shared
MGA_1157	Bl-ODIWGS87	shared
MGA_1158	Bl-ODIWGS87	shared
MGA_1159	Bl-ODIWGS87	shared
MGA_116	Bl-ODIWGS87	shared
MGA_1160	Bl-ODIWGS87	shared
MGA_1161	Bl-ODIWGS87	shared
MGA_1162	Bl-ODIWGS87	shared
MGA_1163	Bl-ODIWGS87	shared
MGA_1164	Bl-ODIWGS87	shared
MGA_1165	Bl-ODIWGS87	shared
MGA_1166	Bl-ODIWGS87	shared
MGA_1167	Bl-ODIWGS87	shared
MGA_1168	Bl-ODIWGS87	shared
MGA_1169	Bl-ODIWGS87	shared
MGA_117	Bl-ODIWGS87	shared
MGA_1170	Bl-ODIWGS87	shared
MGA_1171	Bl-ODIWGS87	shared
MGA_1172	Bl-ODIWGS87	shared
MGA_1173	Bl-ODIWGS87	shared
MGA_1174	Bl-ODIWGS87	shared
MGA_1175	Bl-ODIWGS87	shared
MGA_1176	Bl-ODIWGS87	shared
MGA_1177	Bl-ODIWGS87	shared
MGA_118	Bl-ODIWGS87	shared
MGA_1180	Bl-ODIWGS87	shared
MGA_1181	Bl-ODIWGS87	shared
MGA_1182	Bl-ODIWGS87	shared
MGA_1183	Bl-ODIWGS87	shared
MGA_1184	Bl-ODIWGS87	shared
MGA_1185	Bl-ODIWGS87	shared
MGA_1186	Bl-ODIWGS87	shared
MGA_1187	Bl-ODIWGS87	shared
MGA_1188	Bl-ODIWGS87	shared
MGA_1189	Bl-ODIWGS87	shared
MGA_119	Bl-ODIWGS87	shared
MGA_1190	Bl-ODIWGS87	shared
MGA_1191	Bl-ODIWGS87	shared
MGA_1192	Bl-ODIWGS87	shared
MGA_1193	Bl-ODIWGS87	shared
MGA_1194	Bl-ODIWGS87	shared
MGA_12	Bl-ODIWGS87	shared
MGA_120	Bl-ODIWGS87	shared
MGA_121	Bl-ODIWGS87	shared
MGA_122	Bl-ODIWGS87	shared
MGA_1225	Bl-ODIWGS87	shared
MGA_1226	Bl-ODIWGS87	shared
MGA_1227	Bl-ODIWGS87	shared
MGA_1228	Bl-ODIWGS87	shared
MGA_1229	Bl-ODIWGS87	shared
MGA_123	Bl-ODIWGS87	shared
MGA_1230	Bl-ODIWGS87	shared
MGA_1231	Bl-ODIWGS87	shared
MGA_1232	Bl-ODIWGS87	shared
MGA_1233	Bl-ODIWGS87	shared
MGA_1234	Bl-ODIWGS87	shared
MGA_1235	Bl-ODIWGS87	shared
MGA_1236	Bl-ODIWGS87	shared
MGA_1237	Bl-ODIWGS87	shared
MGA_1238	Bl-ODIWGS87	shared
MGA_1239	Bl-ODIWGS87	shared
MGA_124	Bl-ODIWGS87	shared
MGA_1240	Bl-ODIWGS87	shared
MGA_1242	Bl-ODIWGS87	shared
MGA_1243	Bl-ODIWGS87	shared
MGA_1244	Bl-ODIWGS87	shared
MGA_1245	Bl-ODIWGS87	shared
MGA_1246	Bl-ODIWGS87	shared
MGA_1247	Bl-ODIWGS87	shared
MGA_1248	Bl-ODIWGS87	shared
MGA_1249	Bl-ODIWGS87	shared
MGA_125	Bl-ODIWGS87	shared
MGA_1250	Bl-ODIWGS87	shared
MGA_1251	Bl-ODIWGS87	shared
MGA_1252	Bl-ODIWGS87	shared
MGA_1253	Bl-ODIWGS87	shared
MGA_1254	Bl-ODIWGS87	shared
MGA_1255	Bl-ODIWGS87	shared
MGA_1256	Bl-ODIWGS87	shared
MGA_1258	Bl-ODIWGS87	shared
MGA_1259	Bl-ODIWGS87	shared
MGA_126	Bl-ODIWGS87	shared
MGA_1260	Bl-ODIWGS87	shared
MGA_1261	Bl-ODIWGS87	shared
MGA_1263	Bl-ODIWGS87	shared
MGA_1265	Bl-ODIWGS87	shared
MGA_1266	Bl-ODIWGS87	shared
MGA_1267	Bl-ODIWGS87	shared
MGA_1268	Bl-ODIWGS87	shared
MGA_1269	Bl-ODIWGS87	shared
MGA_127	Bl-ODIWGS87	shared
MGA_1270	Bl-ODIWGS87	shared
MGA_1271	Bl-ODIWGS87	shared
MGA_1272	Bl-ODIWGS87	shared
MGA_1273	Bl-ODIWGS87	shared
MGA_1274	Bl-ODIWGS87	shared
MGA_1275	Bl-ODIWGS87	shared
MGA_1276	Bl-ODIWGS87	shared
MGA_1277	Bl-ODIWGS87	shared
MGA_1278	Bl-ODIWGS87	shared
MGA_1279	Bl-ODIWGS87	shared
MGA_128	Bl-ODIWGS87	shared
MGA_1280	Bl-ODIWGS87	shared
MGA_1281	Bl-ODIWGS87	shared
MGA_1282	Bl-ODIWGS87	shared
MGA_1285	Bl-ODIWGS87	shared
MGA_129	Bl-ODIWGS87	shared
MGA_1290	Bl-ODIWGS87	shared
MGA_1291	Bl-ODIWGS87	shared
MGA_1293	Bl-ODIWGS87	shared
MGA_1294	Bl-ODIWGS87	shared
MGA_1295	Bl-ODIWGS87	shared
MGA_1296	Bl-ODIWGS87	shared
MGA_1297	Bl-ODIWGS87	shared
MGA_1298	Bl-ODIWGS87	shared
MGA_1299	Bl-ODIWGS87	shared
MGA_13	Bl-ODIWGS87	shared
MGA_130	Bl-ODIWGS87	shared
MGA_1300	Bl-ODIWGS87	shared
MGA_1301	Bl-ODIWGS87	shared
MGA_1302	Bl-ODIWGS87	shared
MGA_1303	Bl-ODIWGS87	shared
MGA_1304	Bl-ODIWGS87	shared
MGA_1305	Bl-ODIWGS87	shared
MGA_1306	Bl-ODIWGS87	shared
MGA_1307	Bl-ODIWGS87	shared
MGA_1308	Bl-ODIWGS87	shared
MGA_1309	Bl-ODIWGS87	shared
MGA_1310	Bl-ODIWGS87	shared
MGA_1311	Bl-ODIWGS87	shared
MGA_1312	Bl-ODIWGS87	shared
MGA_1313	Bl-ODIWGS87	shared
MGA_1314	Bl-ODIWGS87	shared
MGA_1315	Bl-ODIWGS87	shared
MGA_1316	Bl-ODIWGS87	shared
MGA_1317	Bl-ODIWGS87	shared
MGA_1318	Bl-ODIWGS87	shared
MGA_1319	Bl-ODIWGS87	shared
MGA_132	Bl-ODIWGS87	shared
MGA_1320	Bl-ODIWGS87	shared
MGA_1321	Bl-ODIWGS87	shared
MGA_1322	Bl-ODIWGS87	shared
MGA_1323	Bl-ODIWGS87	shared
MGA_1324	Bl-ODIWGS87	shared
MGA_1325	Bl-ODIWGS87	shared
MGA_1326	Bl-ODIWGS87	shared
MGA_1327	Bl-ODIWGS87	shared
MGA_1328	Bl-ODIWGS87	shared
MGA_1329	Bl-ODIWGS87	shared
MGA_133	Bl-ODIWGS87	shared
MGA_1330	Bl-ODIWGS87	shared
MGA_1333	Bl-ODIWGS87	shared
MGA_1334	Bl-ODIWGS87	shared
MGA_1335	Bl-ODIWGS87	shared
MGA_1336	Bl-ODIWGS87	shared
MGA_1337	Bl-ODIWGS87	shared
MGA_1338	Bl-ODIWGS87	shared
MGA_1339	Bl-ODIWGS87	shared
MGA_134	Bl-ODIWGS87	shared
MGA_1340	Bl-ODIWGS87	shared
MGA_1341	Bl-ODIWGS87	shared
MGA_1342	Bl-ODIWGS87	shared
MGA_1343	Bl-ODIWGS87	shared
MGA_1344	Bl-ODIWGS87	shared
MGA_1345	Bl-ODIWGS87	shared
MGA_1346	Bl-ODIWGS87	shared
MGA_1347	Bl-ODIWGS87	shared
MGA_1348	Bl-ODIWGS87	shared
MGA_1349	Bl-ODIWGS87	shared
MGA_135	Bl-ODIWGS87	shared
MGA_1350	Bl-ODIWGS87	shared
MGA_1351	Bl-ODIWGS87	shared
MGA_1352	Bl-ODIWGS87	shared
MGA_1353	Bl-ODIWGS87	shared
MGA_1354	Bl-ODIWGS87	shared
MGA_1355	Bl-ODIWGS87	shared
MGA_1358	Bl-ODIWGS87	shared
MGA_136	Bl-ODIWGS87	shared
MGA_1360	Bl-ODIWGS87	shared
MGA_1361	Bl-ODIWGS87	shared
MGA_1362	Bl-ODIWGS87	shared
MGA_1363	Bl-ODIWGS87	shared
MGA_1364	Bl-ODIWGS87	shared
MGA_1365	Bl-ODIWGS87	shared
MGA_1366	Bl-ODIWGS87	shared
MGA_1367	Bl-ODIWGS87	shared
MGA_1368	Bl-ODIWGS87	shared
MGA_1369	Bl-ODIWGS87	shared
MGA_137	Bl-ODIWGS87	shared
MGA_1370	Bl-ODIWGS87	shared
MGA_1371	Bl-ODIWGS87	shared
MGA_1372	Bl-ODIWGS87	shared
MGA_1373	Bl-ODIWGS87	shared
MGA_1374	Bl-ODIWGS87	shared
MGA_1375	Bl-ODIWGS87	shared
MGA_1376	Bl-ODIWGS87	shared
MGA_1377	Bl-ODIWGS87	shared
MGA_1378	Bl-ODIWGS87	shared
MGA_1379	Bl-ODIWGS87	shared
MGA_138	Bl-ODIWGS87	shared
MGA_1380	Bl-ODIWGS87	shared
MGA_1381	Bl-ODIWGS87	shared
MGA_1382	Bl-ODIWGS87	shared
MGA_1383	Bl-ODIWGS87	shared
MGA_1384	Bl-ODIWGS87	shared
MGA_1385	Bl-ODIWGS87	shared
MGA_1386	Bl-ODIWGS87	shared
MGA_139	Bl-ODIWGS87	shared
MGA_1398	Bl-ODIWGS87	shared
MGA_1399	Bl-ODIWGS87	shared
MGA_14	Bl-ODIWGS87	shared
MGA_140	Bl-ODIWGS87	shared
MGA_1400	Bl-ODIWGS87	shared
MGA_1401	Bl-ODIWGS87	shared
MGA_1402	Bl-ODIWGS87	shared
MGA_1403	Bl-ODIWGS87	shared
MGA_1404	Bl-ODIWGS87	shared
MGA_1405	Bl-ODIWGS87	shared
MGA_1406	Bl-ODIWGS87	shared
MGA_1407	Bl-ODIWGS87	shared
MGA_1408	Bl-ODIWGS87	shared
MGA_1409	Bl-ODIWGS87	shared
MGA_141	Bl-ODIWGS87	shared
MGA_1410	Bl-ODIWGS87	shared
MGA_1411	Bl-ODIWGS87	shared
MGA_1412	Bl-ODIWGS87	shared
MGA_1413	Bl-ODIWGS87	shared
MGA_1414	Bl-ODIWGS87	shared
MGA_1415	Bl-ODIWGS87	shared
MGA_1416	Bl-ODIWGS87	shared
MGA_1417	Bl-ODIWGS87	shared
MGA_1418	Bl-ODIWGS87	shared
MGA_1419	Bl-ODIWGS87	shared
MGA_1420	Bl-ODIWGS87	shared
MGA_1422	Bl-ODIWGS87	shared
MGA_1423	Bl-ODIWGS87	shared
MGA_1424	Bl-ODIWGS87	shared
MGA_1425	Bl-ODIWGS87	shared
MGA_1426	Bl-ODIWGS87	shared
MGA_1427	Bl-ODIWGS87	shared
MGA_1428	Bl-ODIWGS87	shared
MGA_1429	Bl-ODIWGS87	shared
MGA_143	Bl-ODIWGS87	shared
MGA_1430	Bl-ODIWGS87	shared
MGA_1431	Bl-ODIWGS87	shared
MGA_1432	Bl-ODIWGS87	shared
MGA_1433	Bl-ODIWGS87	shared
MGA_1434	Bl-ODIWGS87	shared
MGA_1437	Bl-ODIWGS87	shared
MGA_1438	Bl-ODIWGS87	shared
MGA_1439	Bl-ODIWGS87	shared
MGA_144	Bl-ODIWGS87	shared
MGA_1440	Bl-ODIWGS87	shared
MGA_1441	Bl-ODIWGS87	shared
MGA_1442	Bl-ODIWGS87	shared
MGA_1443	Bl-ODIWGS87	shared
MGA_1444	Bl-ODIWGS87	shared
MGA_1445	Bl-ODIWGS87	shared
MGA_1446	Bl-ODIWGS87	shared
MGA_1447	Bl-ODIWGS87	shared
MGA_1448	Bl-ODIWGS87	shared
MGA_1449	Bl-ODIWGS87	shared
MGA_145	Bl-ODIWGS87	shared
MGA_1450	Bl-ODIWGS87	shared
MGA_1451	Bl-ODIWGS87	shared
MGA_1453	Bl-ODIWGS87	shared
MGA_1454	Bl-ODIWGS87	shared
MGA_1455	Bl-ODIWGS87	shared
MGA_1456	Bl-ODIWGS87	shared
MGA_1457	Bl-ODIWGS87	shared
MGA_1458	Bl-ODIWGS87	shared
MGA_1459	Bl-ODIWGS87	shared
MGA_146	Bl-ODIWGS87	shared
MGA_1460	Bl-ODIWGS87	shared
MGA_1462	Bl-ODIWGS87	shared
MGA_1463	Bl-ODIWGS87	shared
MGA_1464	Bl-ODIWGS87	shared
MGA_147	Bl-ODIWGS87	shared
MGA_1475	Bl-ODIWGS87	shared
MGA_1476	Bl-ODIWGS87	shared
MGA_1477	Bl-ODIWGS87	shared
MGA_1478	Bl-ODIWGS87	shared
MGA_1479	Bl-ODIWGS87	shared
MGA_148	Bl-ODIWGS87	shared
MGA_1480	Bl-ODIWGS87	shared
MGA_1481	Bl-ODIWGS87	shared
MGA_1483	Bl-ODIWGS87	shared
MGA_1484	Bl-ODIWGS87	shared
MGA_1485	Bl-ODIWGS87	shared
MGA_1486	Bl-ODIWGS87	shared
MGA_1488	Bl-ODIWGS87	shared
MGA_1489	Bl-ODIWGS87	shared
MGA_149	Bl-ODIWGS87	shared
MGA_1490	Bl-ODIWGS87	shared
MGA_1491	Bl-ODIWGS87	shared
MGA_1492	Bl-ODIWGS87	shared
MGA_1493	Bl-ODIWGS87	shared
MGA_1494	Bl-ODIWGS87	shared
MGA_1495	Bl-ODIWGS87	shared
MGA_1496	Bl-ODIWGS87	shared
MGA_1497	Bl-ODIWGS87	shared
MGA_1498	Bl-ODIWGS87	shared
MGA_1499	Bl-ODIWGS87	shared
MGA_15	Bl-ODIWGS87	shared
MGA_150	Bl-ODIWGS87	shared
MGA_1500	Bl-ODIWGS87	shared
MGA_1501	Bl-ODIWGS87	shared
MGA_1502	Bl-ODIWGS87	shared
MGA_1503	Bl-ODIWGS87	shared
MGA_1504	Bl-ODIWGS87	shared
MGA_1505	Bl-ODIWGS87	shared
MGA_1506	Bl-ODIWGS87	shared
MGA_1507	Bl-ODIWGS87	shared
MGA_1508	Bl-ODIWGS87	shared
MGA_1509	Bl-ODIWGS87	shared
MGA_151	Bl-ODIWGS87	shared
MGA_1510	Bl-ODIWGS87	shared
MGA_1513	Bl-ODIWGS87	shared
MGA_1515	Bl-ODIWGS87	shared
MGA_1516	Bl-ODIWGS87	shared
MGA_1517	Bl-ODIWGS87	shared
MGA_1518	Bl-ODIWGS87	shared
MGA_1519	Bl-ODIWGS87	shared
MGA_152	Bl-ODIWGS87	shared
MGA_1520	Bl-ODIWGS87	shared
MGA_1521	Bl-ODIWGS87	shared
MGA_1522	Bl-ODIWGS87	shared
MGA_1523	Bl-ODIWGS87	shared
MGA_1524	Bl-ODIWGS87	shared
MGA_1525	Bl-ODIWGS87	shared
MGA_1526	Bl-ODIWGS87	shared
MGA_1527	Bl-ODIWGS87	shared
MGA_1528	Bl-ODIWGS87	shared
MGA_1529	Bl-ODIWGS87	shared
MGA_153	Bl-ODIWGS87	shared
MGA_1530	Bl-ODIWGS87	shared
MGA_1531	Bl-ODIWGS87	shared
MGA_1532	Bl-ODIWGS87	shared
MGA_1533	Bl-ODIWGS87	shared
MGA_1534	Bl-ODIWGS87	shared
MGA_1535	Bl-ODIWGS87	shared
MGA_1536	Bl-ODIWGS87	shared
MGA_1537	Bl-ODIWGS87	shared
MGA_1538	Bl-ODIWGS87	shared
MGA_1539	Bl-ODIWGS87	shared
MGA_154	Bl-ODIWGS87	shared
MGA_1540	Bl-ODIWGS87	shared
MGA_1541	Bl-ODIWGS87	shared
MGA_1542	Bl-ODIWGS87	shared
MGA_1543	Bl-ODIWGS87	shared
MGA_1544	Bl-ODIWGS87	shared
MGA_1545	Bl-ODIWGS87	shared
MGA_1546	Bl-ODIWGS87	shared
MGA_1547	Bl-ODIWGS87	shared
MGA_1548	Bl-ODIWGS87	shared
MGA_1549	Bl-ODIWGS87	shared
MGA_155	Bl-ODIWGS87	shared
MGA_1550	Bl-ODIWGS87	shared
MGA_1551	Bl-ODIWGS87	shared
MGA_1552	Bl-ODIWGS87	shared
MGA_1553	Bl-ODIWGS87	shared
MGA_1554	Bl-ODIWGS87	shared
MGA_1555	Bl-ODIWGS87	shared
MGA_1556	Bl-ODIWGS87	shared
MGA_1557	Bl-ODIWGS87	shared
MGA_1558	Bl-ODIWGS87	shared
MGA_1559	Bl-ODIWGS87	shared
MGA_156	Bl-ODIWGS87	shared
MGA_1560	Bl-ODIWGS87	shared
MGA_1561	Bl-ODIWGS87	shared
MGA_1562	Bl-ODIWGS87	shared
MGA_1563	Bl-ODIWGS87	shared
MGA_1564	Bl-ODIWGS87	shared
MGA_1565	Bl-ODIWGS87	shared
MGA_1566	Bl-ODIWGS87	shared
MGA_1567	Bl-ODIWGS87	shared
MGA_1568	Bl-ODIWGS87	shared
MGA_1569	Bl-ODIWGS87	shared
MGA_157	Bl-ODIWGS87	shared
MGA_1570	Bl-ODIWGS87	shared
MGA_1571	Bl-ODIWGS87	shared
MGA_1572	Bl-ODIWGS87	shared
MGA_1574	Bl-ODIWGS87	shared
MGA_1575	Bl-ODIWGS87	shared
MGA_1576	Bl-ODIWGS87	shared
MGA_1577	Bl-ODIWGS87	shared
MGA_1578	Bl-ODIWGS87	shared
MGA_1579	Bl-ODIWGS87	shared
MGA_1580	Bl-ODIWGS87	shared
MGA_1581	Bl-ODIWGS87	shared
MGA_1582	Bl-ODIWGS87	shared
MGA_1583	Bl-ODIWGS87	shared
MGA_1584	Bl-ODIWGS87	shared
MGA_1585	Bl-ODIWGS87	shared
MGA_1586	Bl-ODIWGS87	shared
MGA_1587	Bl-ODIWGS87	shared
MGA_1588	Bl-ODIWGS87	shared
MGA_1589	Bl-ODIWGS87	shared
MGA_159	Bl-ODIWGS87	shared
MGA_1590	Bl-ODIWGS87	shared
MGA_1591	Bl-ODIWGS87	shared
MGA_1592	Bl-ODIWGS87	shared
MGA_1593	Bl-ODIWGS87	shared
MGA_1594	Bl-ODIWGS87	shared
MGA_1595	Bl-ODIWGS87	shared
MGA_1597	Bl-ODIWGS87	shared
MGA_1598	Bl-ODIWGS87	shared
MGA_1599	Bl-ODIWGS87	shared
MGA_16	Bl-ODIWGS87	shared
MGA_160	Bl-ODIWGS87	shared
MGA_1600	Bl-ODIWGS87	shared
MGA_1601	Bl-ODIWGS87	shared
MGA_1602	Bl-ODIWGS87	shared
MGA_1603	Bl-ODIWGS87	shared
MGA_1604	Bl-ODIWGS87	shared
MGA_1605	Bl-ODIWGS87	shared
MGA_1606	Bl-ODIWGS87	shared
MGA_1607	Bl-ODIWGS87	shared
MGA_1608	Bl-ODIWGS87	shared
MGA_1609	Bl-ODIWGS87	shared
MGA_161	Bl-ODIWGS87	shared
MGA_1610	Bl-ODIWGS87	shared
MGA_1611	Bl-ODIWGS87	shared
MGA_1612	Bl-ODIWGS87	shared
MGA_1619	Bl-ODIWGS87	shared
MGA_162	Bl-ODIWGS87	shared
MGA_1620	Bl-ODIWGS87	shared
MGA_1621	Bl-ODIWGS87	shared
MGA_1622	Bl-ODIWGS87	shared
MGA_1623	Bl-ODIWGS87	shared
MGA_1624	Bl-ODIWGS87	shared
MGA_1625	Bl-ODIWGS87	shared
MGA_1626	Bl-ODIWGS87	shared
MGA_1627	Bl-ODIWGS87	shared
MGA_1628	Bl-ODIWGS87	shared
MGA_1629	Bl-ODIWGS87	shared
MGA_163	Bl-ODIWGS87	shared
MGA_1630	Bl-ODIWGS87	shared
MGA_1631	Bl-ODIWGS87	shared
MGA_1632	Bl-ODIWGS87	shared
MGA_1633	Bl-ODIWGS87	shared
MGA_1634	Bl-ODIWGS87	shared
MGA_1635	Bl-ODIWGS87	shared
MGA_1637	Bl-ODIWGS87	shared
MGA_1638	Bl-ODIWGS87	shared
MGA_164	Bl-ODIWGS87	shared
MGA_1640	Bl-ODIWGS87	shared
MGA_1641	Bl-ODIWGS87	shared
MGA_1642	Bl-ODIWGS87	shared
MGA_1643	Bl-ODIWGS87	shared
MGA_1644	Bl-ODIWGS87	shared
MGA_1645	Bl-ODIWGS87	shared
MGA_1649	Bl-ODIWGS87	shared
MGA_165	Bl-ODIWGS87	shared
MGA_166	Bl-ODIWGS87	shared
MGA_1664	Bl-ODIWGS87	shared
MGA_1667	Bl-ODIWGS87	shared
MGA_1668	Bl-ODIWGS87	shared
MGA_1669	Bl-ODIWGS87	shared
MGA_167	Bl-ODIWGS87	shared
MGA_1670	Bl-ODIWGS87	shared
MGA_1672	Bl-ODIWGS87	shared
MGA_1673	Bl-ODIWGS87	shared
MGA_1674	Bl-ODIWGS87	shared
MGA_1675	Bl-ODIWGS87	shared
MGA_1676	Bl-ODIWGS87	shared
MGA_1677	Bl-ODIWGS87	shared
MGA_1678	Bl-ODIWGS87	shared
MGA_1679	Bl-ODIWGS87	shared
MGA_168	Bl-ODIWGS87	shared
MGA_1680	Bl-ODIWGS87	shared
MGA_1685	Bl-ODIWGS87	shared
MGA_1686	Bl-ODIWGS87	shared
MGA_1687	Bl-ODIWGS87	shared
MGA_1688	Bl-ODIWGS87	shared
MGA_1689	Bl-ODIWGS87	shared
MGA_169	Bl-ODIWGS87	shared
MGA_1690	Bl-ODIWGS87	shared
MGA_1691	Bl-ODIWGS87	shared
MGA_1692	Bl-ODIWGS87	shared
MGA_1693	Bl-ODIWGS87	shared
MGA_1695	Bl-ODIWGS87	shared
MGA_1696	Bl-ODIWGS87	shared
MGA_1697	Bl-ODIWGS87	shared
MGA_1698	Bl-ODIWGS87	shared
MGA_1699	Bl-ODIWGS87	shared
MGA_17	Bl-ODIWGS87	shared
MGA_170	Bl-ODIWGS87	shared
MGA_1700	Bl-ODIWGS87	shared
MGA_1701	Bl-ODIWGS87	shared
MGA_1702	Bl-ODIWGS87	shared
MGA_1703	Bl-ODIWGS87	shared
MGA_1704	Bl-ODIWGS87	shared
MGA_1705	Bl-ODIWGS87	shared
MGA_1706	Bl-ODIWGS87	shared
MGA_1707	Bl-ODIWGS87	shared
MGA_1708	Bl-ODIWGS87	shared
MGA_171	Bl-ODIWGS87	shared
MGA_1711	Bl-ODIWGS87	shared
MGA_1712	Bl-ODIWGS87	shared
MGA_1713	Bl-ODIWGS87	shared
MGA_1715	Bl-ODIWGS87	shared
MGA_1716	Bl-ODIWGS87	shared
MGA_1717	Bl-ODIWGS87	shared
MGA_1718	Bl-ODIWGS87	shared
MGA_1719	Bl-ODIWGS87	shared
MGA_172	Bl-ODIWGS87	shared
MGA_1722	Bl-ODIWGS87	shared
MGA_1723	Bl-ODIWGS87	shared
MGA_1724	Bl-ODIWGS87	shared
MGA_1725	Bl-ODIWGS87	shared
MGA_1726	Bl-ODIWGS87	shared
MGA_1727	Bl-ODIWGS87	shared
MGA_1728	Bl-ODIWGS87	shared
MGA_1729	Bl-ODIWGS87	shared
MGA_173	Bl-ODIWGS87	shared
MGA_1730	Bl-ODIWGS87	shared
MGA_1731	Bl-ODIWGS87	shared
MGA_1732	Bl-ODIWGS87	shared
MGA_1733	Bl-ODIWGS87	shared
MGA_1737	Bl-ODIWGS87	shared
MGA_1738	Bl-ODIWGS87	shared
MGA_1739	Bl-ODIWGS87	shared
MGA_174	Bl-ODIWGS87	shared
MGA_1740	Bl-ODIWGS87	shared
MGA_1742	Bl-ODIWGS87	shared
MGA_1743	Bl-ODIWGS87	shared
MGA_1744	Bl-ODIWGS87	shared
MGA_1745	Bl-ODIWGS87	shared
MGA_1746	Bl-ODIWGS87	shared
MGA_1749	Bl-ODIWGS87	shared
MGA_175	Bl-ODIWGS87	shared
MGA_1750	Bl-ODIWGS87	shared
MGA_1753	Bl-ODIWGS87	shared
MGA_1754	Bl-ODIWGS87	shared
MGA_1755	Bl-ODIWGS87	shared
MGA_1756	Bl-ODIWGS87	shared
MGA_1757	Bl-ODIWGS87	shared
MGA_176	Bl-ODIWGS87	shared
MGA_1763	Bl-ODIWGS87	shared
MGA_1764	Bl-ODIWGS87	shared
MGA_1765	Bl-ODIWGS87	shared
MGA_1767	Bl-ODIWGS87	shared
MGA_1768	Bl-ODIWGS87	shared
MGA_177	Bl-ODIWGS87	shared
MGA_1770	Bl-ODIWGS87	shared
MGA_1771	Bl-ODIWGS87	shared
MGA_1772	Bl-ODIWGS87	shared
MGA_1773	Bl-ODIWGS87	shared
MGA_1776	Bl-ODIWGS87	shared
MGA_1777	Bl-ODIWGS87	shared
MGA_1778	Bl-ODIWGS87	shared
MGA_178	Bl-ODIWGS87	shared
MGA_1780	Bl-ODIWGS87	shared
MGA_1781	Bl-ODIWGS87	shared
MGA_1782	Bl-ODIWGS87	shared
MGA_1783	Bl-ODIWGS87	shared
MGA_1784	Bl-ODIWGS87	shared
MGA_1787	Bl-ODIWGS87	shared
MGA_1789	Bl-ODIWGS87	shared
MGA_179	Bl-ODIWGS87	shared
MGA_1790	Bl-ODIWGS87	shared
MGA_1791	Bl-ODIWGS87	shared
MGA_1796	Bl-ODIWGS87	shared
MGA_1797	Bl-ODIWGS87	shared
MGA_1798	Bl-ODIWGS87	shared
MGA_1799	Bl-ODIWGS87	shared
MGA_18	Bl-ODIWGS87	shared
MGA_180	Bl-ODIWGS87	shared
MGA_1800	Bl-ODIWGS87	shared
MGA_1801	Bl-ODIWGS87	shared
MGA_1802	Bl-ODIWGS87	shared
MGA_1803	Bl-ODIWGS87	shared
MGA_1804	Bl-ODIWGS87	shared
MGA_1805	Bl-ODIWGS87	shared
MGA_1808	Bl-ODIWGS87	shared
MGA_1809	Bl-ODIWGS87	shared
MGA_181	Bl-ODIWGS87	shared
MGA_1811	Bl-ODIWGS87	shared
MGA_1812	Bl-ODIWGS87	shared
MGA_1817	Bl-ODIWGS87	shared
MGA_1818	Bl-ODIWGS87	shared
MGA_1819	Bl-ODIWGS87	shared
MGA_182	Bl-ODIWGS87	shared
MGA_1820	Bl-ODIWGS87	shared
MGA_1823	Bl-ODIWGS87	shared
MGA_1824	Bl-ODIWGS87	shared
MGA_1825	Bl-ODIWGS87	shared
MGA_1828	Bl-ODIWGS87	shared
MGA_1829	Bl-ODIWGS87	shared
MGA_183	Bl-ODIWGS87	shared
MGA_1830	Bl-ODIWGS87	shared
MGA_1833	Bl-ODIWGS87	shared
MGA_1834	Bl-ODIWGS87	shared
MGA_1835	Bl-ODIWGS87	shared
MGA_1836	Bl-ODIWGS87	shared
MGA_1837	Bl-ODIWGS87	shared
MGA_1838	Bl-ODIWGS87	shared
MGA_184	Bl-ODIWGS87	shared
MGA_1847	Bl-ODIWGS87	shared
MGA_1848	Bl-ODIWGS87	shared
MGA_1849	Bl-ODIWGS87	shared
MGA_185	Bl-ODIWGS87	shared
MGA_1852	Bl-ODIWGS87	shared
MGA_1854	Bl-ODIWGS87	shared
MGA_1855	Bl-ODIWGS87	shared
MGA_1859	Bl-ODIWGS87	shared
MGA_186	Bl-ODIWGS87	shared
MGA_1862	Bl-ODIWGS87	shared
MGA_187	Bl-ODIWGS87	shared
MGA_1872	Bl-ODIWGS87	shared
MGA_1877	Bl-ODIWGS87	shared
MGA_188	Bl-ODIWGS87	shared
MGA_189	Bl-ODIWGS87	shared
MGA_19	Bl-ODIWGS87	shared
MGA_190	Bl-ODIWGS87	shared
MGA_191	Bl-ODIWGS87	shared
MGA_192	Bl-ODIWGS87	shared
MGA_193	Bl-ODIWGS87	shared
MGA_194	Bl-ODIWGS87	shared
MGA_195	Bl-ODIWGS87	shared
MGA_196	Bl-ODIWGS87	shared
MGA_197	Bl-ODIWGS87	shared
MGA_198	Bl-ODIWGS87	shared
MGA_199	Bl-ODIWGS87	shared
MGA_2	Bl-ODIWGS87	shared
MGA_20	Bl-ODIWGS87	shared
MGA_200	Bl-ODIWGS87	shared
MGA_201	Bl-ODIWGS87	shared
MGA_202	Bl-ODIWGS87	shared
MGA_203	Bl-ODIWGS87	shared
MGA_204	Bl-ODIWGS87	shared
MGA_205	Bl-ODIWGS87	shared
MGA_206	Bl-ODIWGS87	shared
MGA_207	Bl-ODIWGS87	shared
MGA_208	Bl-ODIWGS87	shared
MGA_209	Bl-ODIWGS87	shared
MGA_21	Bl-ODIWGS87	shared
MGA_210	Bl-ODIWGS87	shared
MGA_211	Bl-ODIWGS87	shared
MGA_212	Bl-ODIWGS87	shared
MGA_213	Bl-ODIWGS87	shared
MGA_214	Bl-ODIWGS87	shared
MGA_215	Bl-ODIWGS87	shared
MGA_216	Bl-ODIWGS87	shared
MGA_217	Bl-ODIWGS87	shared
MGA_218	Bl-ODIWGS87	shared
MGA_219	Bl-ODIWGS87	shared
MGA_22	Bl-ODIWGS87	shared
MGA_220	Bl-ODIWGS87	shared
MGA_221	Bl-ODIWGS87	shared
MGA_222	Bl-ODIWGS87	shared
MGA_223	Bl-ODIWGS87	shared
MGA_224	Bl-ODIWGS87	shared
MGA_225	Bl-ODIWGS87	shared
MGA_226	Bl-ODIWGS87	shared
MGA_227	Bl-ODIWGS87	shared
MGA_228	Bl-ODIWGS87	shared
MGA_229	Bl-ODIWGS87	shared
MGA_23	Bl-ODIWGS87	shared
MGA_230	Bl-ODIWGS87	shared
MGA_231	Bl-ODIWGS87	shared
MGA_232	Bl-ODIWGS87	shared
MGA_234	Bl-ODIWGS87	shared
MGA_235	Bl-ODIWGS87	shared
MGA_236	Bl-ODIWGS87	shared
MGA_237	Bl-ODIWGS87	shared
MGA_238	Bl-ODIWGS87	shared
MGA_24	Bl-ODIWGS87	shared
MGA_240	Bl-ODIWGS87	shared
MGA_241	Bl-ODIWGS87	shared
MGA_242	Bl-ODIWGS87	shared
MGA_243	Bl-ODIWGS87	shared
MGA_244	Bl-ODIWGS87	shared
MGA_245	Bl-ODIWGS87	shared
MGA_246	Bl-ODIWGS87	shared
MGA_247	Bl-ODIWGS87	shared
MGA_248	Bl-ODIWGS87	shared
MGA_249	Bl-ODIWGS87	shared
MGA_25	Bl-ODIWGS87	shared
MGA_250	Bl-ODIWGS87	shared
MGA_251	Bl-ODIWGS87	shared
MGA_252	Bl-ODIWGS87	shared
MGA_253	Bl-ODIWGS87	shared
MGA_254	Bl-ODIWGS87	shared
MGA_255	Bl-ODIWGS87	shared
MGA_256	Bl-ODIWGS87	shared
MGA_257	Bl-ODIWGS87	shared
MGA_258	Bl-ODIWGS87	shared
MGA_259	Bl-ODIWGS87	shared
MGA_26	Bl-ODIWGS87	shared
MGA_260	Bl-ODIWGS87	shared
MGA_261	Bl-ODIWGS87	shared
MGA_262	Bl-ODIWGS87	shared
MGA_263	Bl-ODIWGS87	shared
MGA_264	Bl-ODIWGS87	shared
MGA_265	Bl-ODIWGS87	shared
MGA_266	Bl-ODIWGS87	shared
MGA_267	Bl-ODIWGS87	shared
MGA_268	Bl-ODIWGS87	shared
MGA_269	Bl-ODIWGS87	shared
MGA_27	Bl-ODIWGS87	shared
MGA_270	Bl-ODIWGS87	shared
MGA_271	Bl-ODIWGS87	shared
MGA_272	Bl-ODIWGS87	shared
MGA_273	Bl-ODIWGS87	shared
MGA_274	Bl-ODIWGS87	shared
MGA_275	Bl-ODIWGS87	shared
MGA_276	Bl-ODIWGS87	shared
MGA_277	Bl-ODIWGS87	shared
MGA_278	Bl-ODIWGS87	shared
MGA_279	Bl-ODIWGS87	shared
MGA_280	Bl-ODIWGS87	shared
MGA_281	Bl-ODIWGS87	shared
MGA_282	Bl-ODIWGS87	shared
MGA_283	Bl-ODIWGS87	shared
MGA_284	Bl-ODIWGS87	shared
MGA_286	Bl-ODIWGS87	shared
MGA_287	Bl-ODIWGS87	shared
MGA_288	Bl-ODIWGS87	shared
MGA_289	Bl-ODIWGS87	shared
MGA_29	Bl-ODIWGS87	shared
MGA_290	Bl-ODIWGS87	shared
MGA_291	Bl-ODIWGS87	shared
MGA_292	Bl-ODIWGS87	shared
MGA_293	Bl-ODIWGS87	shared
MGA_294	Bl-ODIWGS87	shared
MGA_295	Bl-ODIWGS87	shared
MGA_296	Bl-ODIWGS87	shared
MGA_297	Bl-ODIWGS87	shared
MGA_298	Bl-ODIWGS87	shared
MGA_299	Bl-ODIWGS87	shared
MGA_3	Bl-ODIWGS87	shared
MGA_30	Bl-ODIWGS87	shared
MGA_300	Bl-ODIWGS87	shared
MGA_301	Bl-ODIWGS87	shared
MGA_302	Bl-ODIWGS87	shared
MGA_303	Bl-ODIWGS87	shared
MGA_304	Bl-ODIWGS87	shared
MGA_305	Bl-ODIWGS87	shared
MGA_306	Bl-ODIWGS87	shared
MGA_307	Bl-ODIWGS87	shared
MGA_308	Bl-ODIWGS87	shared
MGA_309	Bl-ODIWGS87	shared
MGA_31	Bl-ODIWGS87	shared
MGA_310	Bl-ODIWGS87	shared
MGA_311	Bl-ODIWGS87	shared
MGA_312	Bl-ODIWGS87	shared
MGA_313	Bl-ODIWGS87	shared
MGA_316	Bl-ODIWGS87	shared
MGA_317	Bl-ODIWGS87	shared
MGA_318	Bl-ODIWGS87	shared
MGA_319	Bl-ODIWGS87	shared
MGA_32	Bl-ODIWGS87	shared
MGA_322	Bl-ODIWGS87	shared
MGA_323	Bl-ODIWGS87	shared
MGA_324	Bl-ODIWGS87	shared
MGA_325	Bl-ODIWGS87	shared
MGA_33	Bl-ODIWGS87	shared
MGA_330	Bl-ODIWGS87	shared
MGA_331	Bl-ODIWGS87	shared
MGA_332	Bl-ODIWGS87	shared
MGA_333	Bl-ODIWGS87	shared
MGA_334	Bl-ODIWGS87	shared
MGA_335	Bl-ODIWGS87	shared
MGA_34	Bl-ODIWGS87	shared
MGA_349	Bl-ODIWGS87	shared
MGA_35	Bl-ODIWGS87	shared
MGA_350	Bl-ODIWGS87	shared
MGA_351	Bl-ODIWGS87	shared
MGA_352	Bl-ODIWGS87	shared
MGA_353	Bl-ODIWGS87	shared
MGA_354	Bl-ODIWGS87	shared
MGA_355	Bl-ODIWGS87	shared
MGA_356	Bl-ODIWGS87	shared
MGA_357	Bl-ODIWGS87	shared
MGA_359	Bl-ODIWGS87	shared
MGA_36	Bl-ODIWGS87	shared
MGA_360	Bl-ODIWGS87	shared
MGA_361	Bl-ODIWGS87	shared
MGA_362	Bl-ODIWGS87	shared
MGA_363	Bl-ODIWGS87	shared
MGA_364	Bl-ODIWGS87	shared
MGA_365	Bl-ODIWGS87	shared
MGA_366	Bl-ODIWGS87	shared
MGA_367	Bl-ODIWGS87	shared
MGA_368	Bl-ODIWGS87	shared
MGA_369	Bl-ODIWGS87	shared
MGA_37	Bl-ODIWGS87	shared
MGA_370	Bl-ODIWGS87	shared
MGA_371	Bl-ODIWGS87	shared
MGA_372	Bl-ODIWGS87	shared
MGA_373	Bl-ODIWGS87	shared
MGA_375	Bl-ODIWGS87	shared
MGA_376	Bl-ODIWGS87	shared
MGA_377	Bl-ODIWGS87	shared
MGA_378	Bl-ODIWGS87	shared
MGA_38	Bl-ODIWGS87	shared
MGA_380	Bl-ODIWGS87	shared
MGA_381	Bl-ODIWGS87	shared
MGA_382	Bl-ODIWGS87	shared
MGA_383	Bl-ODIWGS87	shared
MGA_384	Bl-ODIWGS87	shared
MGA_385	Bl-ODIWGS87	shared
MGA_386	Bl-ODIWGS87	shared
MGA_387	Bl-ODIWGS87	shared
MGA_388	Bl-ODIWGS87	shared
MGA_390	Bl-ODIWGS87	shared
MGA_393	Bl-ODIWGS87	shared
MGA_394	Bl-ODIWGS87	shared
MGA_395	Bl-ODIWGS87	shared
MGA_396	Bl-ODIWGS87	shared
MGA_399	Bl-ODIWGS87	shared
MGA_4	Bl-ODIWGS87	shared
MGA_400	Bl-ODIWGS87	shared
MGA_401	Bl-ODIWGS87	shared
MGA_402	Bl-ODIWGS87	shared
MGA_403	Bl-ODIWGS87	shared
MGA_404	Bl-ODIWGS87	shared
MGA_405	Bl-ODIWGS87	shared
MGA_406	Bl-ODIWGS87	shared
MGA_407	Bl-ODIWGS87	shared
MGA_408	Bl-ODIWGS87	shared
MGA_409	Bl-ODIWGS87	shared
MGA_410	Bl-ODIWGS87	shared
MGA_411	Bl-ODIWGS87	shared
MGA_412	Bl-ODIWGS87	shared
MGA_413	Bl-ODIWGS87	shared
MGA_414	Bl-ODIWGS87	shared
MGA_415	Bl-ODIWGS87	shared
MGA_416	Bl-ODIWGS87	shared
MGA_417	Bl-ODIWGS87	shared
MGA_418	Bl-ODIWGS87	shared
MGA_419	Bl-ODIWGS87	shared
MGA_42	Bl-ODIWGS87	shared
MGA_420	Bl-ODIWGS87	shared
MGA_421	Bl-ODIWGS87	shared
MGA_422	Bl-ODIWGS87	shared
MGA_423	Bl-ODIWGS87	shared
MGA_424	Bl-ODIWGS87	shared
MGA_425	Bl-ODIWGS87	shared
MGA_426	Bl-ODIWGS87	shared
MGA_427	Bl-ODIWGS87	shared
MGA_428	Bl-ODIWGS87	shared
MGA_429	Bl-ODIWGS87	shared
MGA_43	Bl-ODIWGS87	shared
MGA_430	Bl-ODIWGS87	shared
MGA_431	Bl-ODIWGS87	shared
MGA_433	Bl-ODIWGS87	shared
MGA_434	Bl-ODIWGS87	shared
MGA_435	Bl-ODIWGS87	shared
MGA_436	Bl-ODIWGS87	shared
MGA_44	Bl-ODIWGS87	shared
MGA_440	Bl-ODIWGS87	shared
MGA_441	Bl-ODIWGS87	shared
MGA_442	Bl-ODIWGS87	shared
MGA_443	Bl-ODIWGS87	shared
MGA_444	Bl-ODIWGS87	shared
MGA_445	Bl-ODIWGS87	shared
MGA_446	Bl-ODIWGS87	shared
MGA_447	Bl-ODIWGS87	shared
MGA_448	Bl-ODIWGS87	shared
MGA_449	Bl-ODIWGS87	shared
MGA_45	Bl-ODIWGS87	shared
MGA_450	Bl-ODIWGS87	shared
MGA_451	Bl-ODIWGS87	shared
MGA_452	Bl-ODIWGS87	shared
MGA_454	Bl-ODIWGS87	shared
MGA_455	Bl-ODIWGS87	shared
MGA_456	Bl-ODIWGS87	shared
MGA_457	Bl-ODIWGS87	shared
MGA_458	Bl-ODIWGS87	shared
MGA_459	Bl-ODIWGS87	shared
MGA_46	Bl-ODIWGS87	shared
MGA_460	Bl-ODIWGS87	shared
MGA_461	Bl-ODIWGS87	shared
MGA_462	Bl-ODIWGS87	shared
MGA_463	Bl-ODIWGS87	shared
MGA_464	Bl-ODIWGS87	shared
MGA_465	Bl-ODIWGS87	shared
MGA_466	Bl-ODIWGS87	shared
MGA_467	Bl-ODIWGS87	shared
MGA_468	Bl-ODIWGS87	shared
MGA_469	Bl-ODIWGS87	shared
MGA_470	Bl-ODIWGS87	shared
MGA_471	Bl-ODIWGS87	shared
MGA_472	Bl-ODIWGS87	shared
MGA_473	Bl-ODIWGS87	shared
MGA_474	Bl-ODIWGS87	shared
MGA_475	Bl-ODIWGS87	shared
MGA_476	Bl-ODIWGS87	shared
MGA_477	Bl-ODIWGS87	shared
MGA_478	Bl-ODIWGS87	shared
MGA_479	Bl-ODIWGS87	shared
MGA_480	Bl-ODIWGS87	shared
MGA_481	Bl-ODIWGS87	shared
MGA_482	Bl-ODIWGS87	shared
MGA_483	Bl-ODIWGS87	shared
MGA_484	Bl-ODIWGS87	shared
MGA_485	Bl-ODIWGS87	shared
MGA_486	Bl-ODIWGS87	shared
MGA_487	Bl-ODIWGS87	shared
MGA_488	Bl-ODIWGS87	shared
MGA_489	Bl-ODIWGS87	shared
MGA_490	Bl-ODIWGS87	shared
MGA_492	Bl-ODIWGS87	shared
MGA_493	Bl-ODIWGS87	shared
MGA_494	Bl-ODIWGS87	shared
MGA_496	Bl-ODIWGS87	shared
MGA_497	Bl-ODIWGS87	shared
MGA_498	Bl-ODIWGS87	shared
MGA_499	Bl-ODIWGS87	shared
MGA_500	Bl-ODIWGS87	shared
MGA_501	Bl-ODIWGS87	shared
MGA_502	Bl-ODIWGS87	shared
MGA_503	Bl-ODIWGS87	shared
MGA_504	Bl-ODIWGS87	shared
MGA_505	Bl-ODIWGS87	shared
MGA_506	Bl-ODIWGS87	shared
MGA_507	Bl-ODIWGS87	shared
MGA_508	Bl-ODIWGS87	shared
MGA_510	Bl-ODIWGS87	shared
MGA_511	Bl-ODIWGS87	shared
MGA_512	Bl-ODIWGS87	shared
MGA_513	Bl-ODIWGS87	shared
MGA_515	Bl-ODIWGS87	shared
MGA_517	Bl-ODIWGS87	shared
MGA_518	Bl-ODIWGS87	shared
MGA_519	Bl-ODIWGS87	shared
MGA_520	Bl-ODIWGS87	shared
MGA_521	Bl-ODIWGS87	shared
MGA_526	Bl-ODIWGS87	shared
MGA_527	Bl-ODIWGS87	shared
MGA_528	Bl-ODIWGS87	shared
MGA_529	Bl-ODIWGS87	shared
MGA_530	Bl-ODIWGS87	shared
MGA_531	Bl-ODIWGS87	shared
MGA_532	Bl-ODIWGS87	shared
MGA_533	Bl-ODIWGS87	shared
MGA_534	Bl-ODIWGS87	shared
MGA_535	Bl-ODIWGS87	shared
MGA_536	Bl-ODIWGS87	shared
MGA_537	Bl-ODIWGS87	shared
MGA_538	Bl-ODIWGS87	shared
MGA_539	Bl-ODIWGS87	shared
MGA_54	Bl-ODIWGS87	shared
MGA_540	Bl-ODIWGS87	shared
MGA_541	Bl-ODIWGS87	shared
MGA_542	Bl-ODIWGS87	shared
MGA_543	Bl-ODIWGS87	shared
MGA_545	Bl-ODIWGS87	shared
MGA_546	Bl-ODIWGS87	shared
MGA_547	Bl-ODIWGS87	shared
MGA_548	Bl-ODIWGS87	shared
MGA_549	Bl-ODIWGS87	shared
MGA_55	Bl-ODIWGS87	shared
MGA_550	Bl-ODIWGS87	shared
MGA_551	Bl-ODIWGS87	shared
MGA_552	Bl-ODIWGS87	shared
MGA_553	Bl-ODIWGS87	shared
MGA_554	Bl-ODIWGS87	shared
MGA_555	Bl-ODIWGS87	shared
MGA_556	Bl-ODIWGS87	shared
MGA_557	Bl-ODIWGS87	shared
MGA_558	Bl-ODIWGS87	shared
MGA_559	Bl-ODIWGS87	shared
MGA_56	Bl-ODIWGS87	shared
MGA_560	Bl-ODIWGS87	shared
MGA_561	Bl-ODIWGS87	shared
MGA_562	Bl-ODIWGS87	shared
MGA_563	Bl-ODIWGS87	shared
MGA_564	Bl-ODIWGS87	shared
MGA_565	Bl-ODIWGS87	shared
MGA_566	Bl-ODIWGS87	shared
MGA_567	Bl-ODIWGS87	shared
MGA_568	Bl-ODIWGS87	shared
MGA_569	Bl-ODIWGS87	shared
MGA_57	Bl-ODIWGS87	shared
MGA_570	Bl-ODIWGS87	shared
MGA_571	Bl-ODIWGS87	shared
MGA_572	Bl-ODIWGS87	shared
MGA_573	Bl-ODIWGS87	shared
MGA_574	Bl-ODIWGS87	shared
MGA_576	Bl-ODIWGS87	shared
MGA_577	Bl-ODIWGS87	shared
MGA_578	Bl-ODIWGS87	shared
MGA_579	Bl-ODIWGS87	shared
MGA_58	Bl-ODIWGS87	shared
MGA_580	Bl-ODIWGS87	shared
MGA_581	Bl-ODIWGS87	shared
MGA_582	Bl-ODIWGS87	shared
MGA_583	Bl-ODIWGS87	shared
MGA_584	Bl-ODIWGS87	shared
MGA_585	Bl-ODIWGS87	shared
MGA_586	Bl-ODIWGS87	shared
MGA_587	Bl-ODIWGS87	shared
MGA_588	Bl-ODIWGS87	shared
MGA_59	Bl-ODIWGS87	shared
MGA_590	Bl-ODIWGS87	shared
MGA_591	Bl-ODIWGS87	shared
MGA_592	Bl-ODIWGS87	shared
MGA_593	Bl-ODIWGS87	shared
MGA_594	Bl-ODIWGS87	shared
MGA_595	Bl-ODIWGS87	shared
MGA_596	Bl-ODIWGS87	shared
MGA_597	Bl-ODIWGS87	shared
MGA_598	Bl-ODIWGS87	shared
MGA_599	Bl-ODIWGS87	shared
MGA_6	Bl-ODIWGS87	shared
MGA_600	Bl-ODIWGS87	shared
MGA_605	Bl-ODIWGS87	shared
MGA_606	Bl-ODIWGS87	shared
MGA_607	Bl-ODIWGS87	shared
MGA_608	Bl-ODIWGS87	shared
MGA_609	Bl-ODIWGS87	shared
MGA_61	Bl-ODIWGS87	shared
MGA_610	Bl-ODIWGS87	shared
MGA_612	Bl-ODIWGS87	shared
MGA_613	Bl-ODIWGS87	shared
MGA_614	Bl-ODIWGS87	shared
MGA_615	Bl-ODIWGS87	shared
MGA_616	Bl-ODIWGS87	shared
MGA_617	Bl-ODIWGS87	shared
MGA_618	Bl-ODIWGS87	shared
MGA_619	Bl-ODIWGS87	shared
MGA_62	Bl-ODIWGS87	shared
MGA_620	Bl-ODIWGS87	shared
MGA_621	Bl-ODIWGS87	shared
MGA_622	Bl-ODIWGS87	shared
MGA_623	Bl-ODIWGS87	shared
MGA_624	Bl-ODIWGS87	shared
MGA_626	Bl-ODIWGS87	shared
MGA_627	Bl-ODIWGS87	shared
MGA_628	Bl-ODIWGS87	shared
MGA_629	Bl-ODIWGS87	shared
MGA_63	Bl-ODIWGS87	shared
MGA_630	Bl-ODIWGS87	shared
MGA_631	Bl-ODIWGS87	shared
MGA_632	Bl-ODIWGS87	shared
MGA_633	Bl-ODIWGS87	shared
MGA_634	Bl-ODIWGS87	shared
MGA_635	Bl-ODIWGS87	shared
MGA_636	Bl-ODIWGS87	shared
MGA_637	Bl-ODIWGS87	shared
MGA_638	Bl-ODIWGS87	shared
MGA_639	Bl-ODIWGS87	shared
MGA_64	Bl-ODIWGS87	shared
MGA_640	Bl-ODIWGS87	shared
MGA_643	Bl-ODIWGS87	shared
MGA_644	Bl-ODIWGS87	shared
MGA_645	Bl-ODIWGS87	shared
MGA_648	Bl-ODIWGS87	shared
MGA_649	Bl-ODIWGS87	shared
MGA_65	Bl-ODIWGS87	shared
MGA_650	Bl-ODIWGS87	shared
MGA_651	Bl-ODIWGS87	shared
MGA_652	Bl-ODIWGS87	shared
MGA_653	Bl-ODIWGS87	shared
MGA_654	Bl-ODIWGS87	shared
MGA_655	Bl-ODIWGS87	shared
MGA_656	Bl-ODIWGS87	shared
MGA_657	Bl-ODIWGS87	shared
MGA_658	Bl-ODIWGS87	shared
MGA_659	Bl-ODIWGS87	shared
MGA_66	Bl-ODIWGS87	shared
MGA_660	Bl-ODIWGS87	shared
MGA_661	Bl-ODIWGS87	shared
MGA_662	Bl-ODIWGS87	shared
MGA_663	Bl-ODIWGS87	shared
MGA_664	Bl-ODIWGS87	shared
MGA_665	Bl-ODIWGS87	shared
MGA_669	Bl-ODIWGS87	shared
MGA_67	Bl-ODIWGS87	shared
MGA_670	Bl-ODIWGS87	shared
MGA_671	Bl-ODIWGS87	shared
MGA_672	Bl-ODIWGS87	shared
MGA_673	Bl-ODIWGS87	shared
MGA_674	Bl-ODIWGS87	shared
MGA_675	Bl-ODIWGS87	shared
MGA_676	Bl-ODIWGS87	shared
MGA_677	Bl-ODIWGS87	shared
MGA_678	Bl-ODIWGS87	shared
MGA_679	Bl-ODIWGS87	shared
MGA_680	Bl-ODIWGS87	shared
MGA_681	Bl-ODIWGS87	shared
MGA_682	Bl-ODIWGS87	shared
MGA_683	Bl-ODIWGS87	shared
MGA_686	Bl-ODIWGS87	shared
MGA_687	Bl-ODIWGS87	shared
MGA_688	Bl-ODIWGS87	shared
MGA_690	Bl-ODIWGS87	shared
MGA_691	Bl-ODIWGS87	shared
MGA_692	Bl-ODIWGS87	shared
MGA_693	Bl-ODIWGS87	shared
MGA_694	Bl-ODIWGS87	shared
MGA_695	Bl-ODIWGS87	shared
MGA_696	Bl-ODIWGS87	shared
MGA_697	Bl-ODIWGS87	shared
MGA_698	Bl-ODIWGS87	shared
MGA_699	Bl-ODIWGS87	shared
MGA_7	Bl-ODIWGS87	shared
MGA_70	Bl-ODIWGS87	shared
MGA_700	Bl-ODIWGS87	shared
MGA_701	Bl-ODIWGS87	shared
MGA_702	Bl-ODIWGS87	shared
MGA_703	Bl-ODIWGS87	shared
MGA_704	Bl-ODIWGS87	shared
MGA_705	Bl-ODIWGS87	shared
MGA_706	Bl-ODIWGS87	shared
MGA_707	Bl-ODIWGS87	shared
MGA_708	Bl-ODIWGS87	shared
MGA_709	Bl-ODIWGS87	shared
MGA_71	Bl-ODIWGS87	shared
MGA_710	Bl-ODIWGS87	shared
MGA_711	Bl-ODIWGS87	shared
MGA_712	Bl-ODIWGS87	shared
MGA_713	Bl-ODIWGS87	shared
MGA_714	Bl-ODIWGS87	shared
MGA_715	Bl-ODIWGS87	shared
MGA_716	Bl-ODIWGS87	shared
MGA_717	Bl-ODIWGS87	shared
MGA_718	Bl-ODIWGS87	shared
MGA_719	Bl-ODIWGS87	shared
MGA_72	Bl-ODIWGS87	shared
MGA_720	Bl-ODIWGS87	shared
MGA_722	Bl-ODIWGS87	shared
MGA_723	Bl-ODIWGS87	shared
MGA_724	Bl-ODIWGS87	shared
MGA_725	Bl-ODIWGS87	shared
MGA_726	Bl-ODIWGS87	shared
MGA_727	Bl-ODIWGS87	shared
MGA_728	Bl-ODIWGS87	shared
MGA_729	Bl-ODIWGS87	shared
MGA_73	Bl-ODIWGS87	shared
MGA_730	Bl-ODIWGS87	shared
MGA_731	Bl-ODIWGS87	shared
MGA_732	Bl-ODIWGS87	shared
MGA_735	Bl-ODIWGS87	shared
MGA_736	Bl-ODIWGS87	shared
MGA_737	Bl-ODIWGS87	shared
MGA_738	Bl-ODIWGS87	shared
MGA_739	Bl-ODIWGS87	shared
MGA_74	Bl-ODIWGS87	shared
MGA_740	Bl-ODIWGS87	shared
MGA_741	Bl-ODIWGS87	shared
MGA_742	Bl-ODIWGS87	shared
MGA_743	Bl-ODIWGS87	shared
MGA_744	Bl-ODIWGS87	shared
MGA_745	Bl-ODIWGS87	shared
MGA_746	Bl-ODIWGS87	shared
MGA_747	Bl-ODIWGS87	shared
MGA_748	Bl-ODIWGS87	shared
MGA_749	Bl-ODIWGS87	shared
MGA_75	Bl-ODIWGS87	shared
MGA_750	Bl-ODIWGS87	shared
MGA_751	Bl-ODIWGS87	shared
MGA_752	Bl-ODIWGS87	shared
MGA_753	Bl-ODIWGS87	shared
MGA_754	Bl-ODIWGS87	shared
MGA_755	Bl-ODIWGS87	shared
MGA_756	Bl-ODIWGS87	shared
MGA_757	Bl-ODIWGS87	shared
MGA_758	Bl-ODIWGS87	shared
MGA_759	Bl-ODIWGS87	shared
MGA_76	Bl-ODIWGS87	shared
MGA_761	Bl-ODIWGS87	shared
MGA_762	Bl-ODIWGS87	shared
MGA_763	Bl-ODIWGS87	shared
MGA_764	Bl-ODIWGS87	shared
MGA_765	Bl-ODIWGS87	shared
MGA_766	Bl-ODIWGS87	shared
MGA_77	Bl-ODIWGS87	shared
MGA_773	Bl-ODIWGS87	shared
MGA_774	Bl-ODIWGS87	shared
MGA_775	Bl-ODIWGS87	shared
MGA_777	Bl-ODIWGS87	shared
MGA_778	Bl-ODIWGS87	shared
MGA_779	Bl-ODIWGS87	shared
MGA_78	Bl-ODIWGS87	shared
MGA_780	Bl-ODIWGS87	shared
MGA_781	Bl-ODIWGS87	shared
MGA_782	Bl-ODIWGS87	shared
MGA_783	Bl-ODIWGS87	shared
MGA_784	Bl-ODIWGS87	shared
MGA_785	Bl-ODIWGS87	shared
MGA_786	Bl-ODIWGS87	shared
MGA_787	Bl-ODIWGS87	shared
MGA_788	Bl-ODIWGS87	shared
MGA_789	Bl-ODIWGS87	shared
MGA_79	Bl-ODIWGS87	shared
MGA_793	Bl-ODIWGS87	shared
MGA_794	Bl-ODIWGS87	shared
MGA_795	Bl-ODIWGS87	shared
MGA_796	Bl-ODIWGS87	shared
MGA_798	Bl-ODIWGS87	shared
MGA_799	Bl-ODIWGS87	shared
MGA_8	Bl-ODIWGS87	shared
MGA_80	Bl-ODIWGS87	shared
MGA_800	Bl-ODIWGS87	shared
MGA_801	Bl-ODIWGS87	shared
MGA_802	Bl-ODIWGS87	shared
MGA_803	Bl-ODIWGS87	shared
MGA_804	Bl-ODIWGS87	shared
MGA_805	Bl-ODIWGS87	shared
MGA_806	Bl-ODIWGS87	shared
MGA_807	Bl-ODIWGS87	shared
MGA_808	Bl-ODIWGS87	shared
MGA_809	Bl-ODIWGS87	shared
MGA_81	Bl-ODIWGS87	shared
MGA_810	Bl-ODIWGS87	shared
MGA_811	Bl-ODIWGS87	shared
MGA_812	Bl-ODIWGS87	shared
MGA_814	Bl-ODIWGS87	shared
MGA_815	Bl-ODIWGS87	shared
MGA_816	Bl-ODIWGS87	shared
MGA_817	Bl-ODIWGS87	shared
MGA_82	Bl-ODIWGS87	shared
MGA_823	Bl-ODIWGS87	shared
MGA_824	Bl-ODIWGS87	shared
MGA_83	Bl-ODIWGS87	shared
MGA_837	Bl-ODIWGS87	shared
MGA_838	Bl-ODIWGS87	shared
MGA_84	Bl-ODIWGS87	shared
MGA_840	Bl-ODIWGS87	shared
MGA_841	Bl-ODIWGS87	shared
MGA_842	Bl-ODIWGS87	shared
MGA_843	Bl-ODIWGS87	shared
MGA_844	Bl-ODIWGS87	shared
MGA_845	Bl-ODIWGS87	shared
MGA_846	Bl-ODIWGS87	shared
MGA_85	Bl-ODIWGS87	shared
MGA_854	Bl-ODIWGS87	shared
MGA_855	Bl-ODIWGS87	shared
MGA_856	Bl-ODIWGS87	shared
MGA_857	Bl-ODIWGS87	shared
MGA_858	Bl-ODIWGS87	shared
MGA_859	Bl-ODIWGS87	shared
MGA_86	Bl-ODIWGS87	shared
MGA_860	Bl-ODIWGS87	shared
MGA_861	Bl-ODIWGS87	shared
MGA_862	Bl-ODIWGS87	shared
MGA_863	Bl-ODIWGS87	shared
MGA_864	Bl-ODIWGS87	shared
MGA_865	Bl-ODIWGS87	shared
MGA_866	Bl-ODIWGS87	shared
MGA_867	Bl-ODIWGS87	shared
MGA_868	Bl-ODIWGS87	shared
MGA_869	Bl-ODIWGS87	shared
MGA_87	Bl-ODIWGS87	shared
MGA_870	Bl-ODIWGS87	shared
MGA_871	Bl-ODIWGS87	shared
MGA_872	Bl-ODIWGS87	shared
MGA_873	Bl-ODIWGS87	shared
MGA_874	Bl-ODIWGS87	shared
MGA_875	Bl-ODIWGS87	shared
MGA_876	Bl-ODIWGS87	shared
MGA_877	Bl-ODIWGS87	shared
MGA_878	Bl-ODIWGS87	shared
MGA_879	Bl-ODIWGS87	shared
MGA_88	Bl-ODIWGS87	shared
MGA_880	Bl-ODIWGS87	shared
MGA_881	Bl-ODIWGS87	shared
MGA_882	Bl-ODIWGS87	shared
MGA_883	Bl-ODIWGS87	shared
MGA_884	Bl-ODIWGS87	shared
MGA_885	Bl-ODIWGS87	shared
MGA_886	Bl-ODIWGS87	shared
MGA_887	Bl-ODIWGS87	shared
MGA_889	Bl-ODIWGS87	shared
MGA_89	Bl-ODIWGS87	shared
MGA_890	Bl-ODIWGS87	shared
MGA_891	Bl-ODIWGS87	shared
MGA_892	Bl-ODIWGS87	shared
MGA_893	Bl-ODIWGS87	shared
MGA_894	Bl-ODIWGS87	shared
MGA_895	Bl-ODIWGS87	shared
MGA_896	Bl-ODIWGS87	shared
MGA_897	Bl-ODIWGS87	shared
MGA_898	Bl-ODIWGS87	shared
MGA_899	Bl-ODIWGS87	shared
MGA_9	Bl-ODIWGS87	shared
MGA_90	Bl-ODIWGS87	shared
MGA_900	Bl-ODIWGS87	shared
MGA_901	Bl-ODIWGS87	shared
MGA_902	Bl-ODIWGS87	shared
MGA_903	Bl-ODIWGS87	shared
MGA_904	Bl-ODIWGS87	shared
MGA_905	Bl-ODIWGS87	shared
MGA_906	Bl-ODIWGS87	shared
MGA_907	Bl-ODIWGS87	shared
MGA_908	Bl-ODIWGS87	shared
MGA_909	Bl-ODIWGS87	shared
MGA_91	Bl-ODIWGS87	shared
MGA_910	Bl-ODIWGS87	shared
MGA_911	Bl-ODIWGS87	shared
MGA_912	Bl-ODIWGS87	shared
MGA_913	Bl-ODIWGS87	shared
MGA_914	Bl-ODIWGS87	shared
MGA_915	Bl-ODIWGS87	shared
MGA_916	Bl-ODIWGS87	shared
MGA_917	Bl-ODIWGS87	shared
MGA_918	Bl-ODIWGS87	shared
MGA_919	Bl-ODIWGS87	shared
MGA_92	Bl-ODIWGS87	shared
MGA_920	Bl-ODIWGS87	shared
MGA_921	Bl-ODIWGS87	shared
MGA_922	Bl-ODIWGS87	shared
MGA_923	Bl-ODIWGS87	shared
MGA_924	Bl-ODIWGS87	shared
MGA_925	Bl-ODIWGS87	shared
MGA_926	Bl-ODIWGS87	shared
MGA_927	Bl-ODIWGS87	shared
MGA_928	Bl-ODIWGS87	shared
MGA_929	Bl-ODIWGS87	shared
MGA_93	Bl-ODIWGS87	shared
MGA_930	Bl-ODIWGS87	shared
MGA_931	Bl-ODIWGS87	shared
MGA_932	Bl-ODIWGS87	shared
MGA_933	Bl-ODIWGS87	shared
MGA_934	Bl-ODIWGS87	shared
MGA_935	Bl-ODIWGS87	shared
MGA_936	Bl-ODIWGS87	shared
MGA_938	Bl-ODIWGS87	shared
MGA_939	Bl-ODIWGS87	shared
MGA_94	Bl-ODIWGS87	shared
MGA_940	Bl-ODIWGS87	shared
MGA_941	Bl-ODIWGS87	shared
MGA_942	Bl-ODIWGS87	shared
MGA_943	Bl-ODIWGS87	shared
MGA_944	Bl-ODIWGS87	shared
MGA_945	Bl-ODIWGS87	shared
MGA_946	Bl-ODIWGS87	shared
MGA_947	Bl-ODIWGS87	shared
MGA_948	Bl-ODIWGS87	shared
MGA_949	Bl-ODIWGS87	shared
MGA_95	Bl-ODIWGS87	shared
MGA_950	Bl-ODIWGS87	shared
MGA_951	Bl-ODIWGS87	shared
MGA_952	Bl-ODIWGS87	shared
MGA_953	Bl-ODIWGS87	shared
MGA_954	Bl-ODIWGS87	shared
MGA_955	Bl-ODIWGS87	shared
MGA_956	Bl-ODIWGS87	shared
MGA_957	Bl-ODIWGS87	shared
MGA_958	Bl-ODIWGS87	shared
MGA_959	Bl-ODIWGS87	shared
MGA_96	Bl-ODIWGS87	shared
MGA_960	Bl-ODIWGS87	shared
MGA_961	Bl-ODIWGS87	shared
MGA_962	Bl-ODIWGS87	shared
MGA_963	Bl-ODIWGS87	shared
MGA_964	Bl-ODIWGS87	shared
MGA_965	Bl-ODIWGS87	shared
MGA_966	Bl-ODIWGS87	shared
MGA_967	Bl-ODIWGS87	shared
MGA_968	Bl-ODIWGS87	shared
MGA_969	Bl-ODIWGS87	shared
MGA_97	Bl-ODIWGS87	shared
MGA_970	Bl-ODIWGS87	shared
MGA_971	Bl-ODIWGS87	shared
MGA_98	Bl-ODIWGS87	shared
MGA_988	Bl-ODIWGS87	shared
MGA_989	Bl-ODIWGS87	shared
MGA_99	Bl-ODIWGS87	shared
MGA_990	Bl-ODIWGS87	shared
MGA_991	Bl-ODIWGS87	shared
MGA_992	Bl-ODIWGS87	shared
MGA_993	Bl-ODIWGS87	shared
MGA_997	Bl-ODIWGS87	shared
MGA_998	Bl-ODIWGS87	shared
MGA_999	Bl-ODIWGS87	shared
MGA_1	Bl-ODIWGS93	shared
MGA_10	Bl-ODIWGS93	shared
MGA_100	Bl-ODIWGS93	shared
MGA_1000	Bl-ODIWGS93	shared
MGA_1001	Bl-ODIWGS93	shared
MGA_1002	Bl-ODIWGS93	shared
MGA_1003	Bl-ODIWGS93	shared
MGA_1004	Bl-ODIWGS93	shared
MGA_1005	Bl-ODIWGS93	shared
MGA_1006	Bl-ODIWGS93	shared
MGA_1007	Bl-ODIWGS93	shared
MGA_1008	Bl-ODIWGS93	shared
MGA_1009	Bl-ODIWGS93	shared
MGA_101	Bl-ODIWGS93	shared
MGA_1010	Bl-ODIWGS93	shared
MGA_1011	Bl-ODIWGS93	shared
MGA_1012	Bl-ODIWGS93	shared
MGA_1013	Bl-ODIWGS93	shared
MGA_1014	Bl-ODIWGS93	shared
MGA_1015	Bl-ODIWGS93	shared
MGA_1016	Bl-ODIWGS93	shared
MGA_1018	Bl-ODIWGS93	shared
MGA_1019	Bl-ODIWGS93	shared
MGA_102	Bl-ODIWGS93	shared
MGA_1020	Bl-ODIWGS93	shared
MGA_1025	Bl-ODIWGS93	shared
MGA_1026	Bl-ODIWGS93	shared
MGA_1027	Bl-ODIWGS93	shared
MGA_1028	Bl-ODIWGS93	shared
MGA_1029	Bl-ODIWGS93	shared
MGA_103	Bl-ODIWGS93	shared
MGA_1030	Bl-ODIWGS93	shared
MGA_1031	Bl-ODIWGS93	shared
MGA_1032	Bl-ODIWGS93	shared
MGA_1033	Bl-ODIWGS93	shared
MGA_1034	Bl-ODIWGS93	shared
MGA_1035	Bl-ODIWGS93	shared
MGA_1036	Bl-ODIWGS93	shared
MGA_1037	Bl-ODIWGS93	shared
MGA_1038	Bl-ODIWGS93	shared
MGA_1039	Bl-ODIWGS93	shared
MGA_104	Bl-ODIWGS93	shared
MGA_1040	Bl-ODIWGS93	shared
MGA_1041	Bl-ODIWGS93	shared
MGA_1042	Bl-ODIWGS93	shared
MGA_1043	Bl-ODIWGS93	shared
MGA_1044	Bl-ODIWGS93	shared
MGA_1045	Bl-ODIWGS93	shared
MGA_1046	Bl-ODIWGS93	shared
MGA_1047	Bl-ODIWGS93	shared
MGA_1049	Bl-ODIWGS93	shared
MGA_105	Bl-ODIWGS93	shared
MGA_1050	Bl-ODIWGS93	shared
MGA_1051	Bl-ODIWGS93	shared
MGA_1052	Bl-ODIWGS93	shared
MGA_1053	Bl-ODIWGS93	shared
MGA_1054	Bl-ODIWGS93	shared
MGA_1055	Bl-ODIWGS93	shared
MGA_1057	Bl-ODIWGS93	shared
MGA_1058	Bl-ODIWGS93	shared
MGA_1059	Bl-ODIWGS93	shared
MGA_106	Bl-ODIWGS93	shared
MGA_1060	Bl-ODIWGS93	shared
MGA_1067	Bl-ODIWGS93	shared
MGA_1068	Bl-ODIWGS93	shared
MGA_1069	Bl-ODIWGS93	shared
MGA_107	Bl-ODIWGS93	shared
MGA_1070	Bl-ODIWGS93	shared
MGA_1071	Bl-ODIWGS93	shared
MGA_1072	Bl-ODIWGS93	shared
MGA_1073	Bl-ODIWGS93	shared
MGA_1074	Bl-ODIWGS93	shared
MGA_1075	Bl-ODIWGS93	shared
MGA_1076	Bl-ODIWGS93	shared
MGA_1077	Bl-ODIWGS93	shared
MGA_1078	Bl-ODIWGS93	shared
MGA_1079	Bl-ODIWGS93	shared
MGA_108	Bl-ODIWGS93	shared
MGA_1080	Bl-ODIWGS93	shared
MGA_1081	Bl-ODIWGS93	shared
MGA_1082	Bl-ODIWGS93	shared
MGA_1083	Bl-ODIWGS93	shared
MGA_1084	Bl-ODIWGS93	shared
MGA_1085	Bl-ODIWGS93	shared
MGA_1086	Bl-ODIWGS93	shared
MGA_1087	Bl-ODIWGS93	shared
MGA_1088	Bl-ODIWGS93	shared
MGA_1089	Bl-ODIWGS93	shared
MGA_109	Bl-ODIWGS93	shared
MGA_1090	Bl-ODIWGS93	shared
MGA_1091	Bl-ODIWGS93	shared
MGA_1092	Bl-ODIWGS93	shared
MGA_1093	Bl-ODIWGS93	shared
MGA_1094	Bl-ODIWGS93	shared
MGA_1095	Bl-ODIWGS93	shared
MGA_1096	Bl-ODIWGS93	shared
MGA_1097	Bl-ODIWGS93	shared
MGA_1098	Bl-ODIWGS93	shared
MGA_1099	Bl-ODIWGS93	shared
MGA_110	Bl-ODIWGS93	shared
MGA_1100	Bl-ODIWGS93	shared
MGA_1101	Bl-ODIWGS93	shared
MGA_1102	Bl-ODIWGS93	shared
MGA_1103	Bl-ODIWGS93	shared
MGA_1104	Bl-ODIWGS93	shared
MGA_1105	Bl-ODIWGS93	shared
MGA_1106	Bl-ODIWGS93	shared
MGA_1107	Bl-ODIWGS93	shared
MGA_1108	Bl-ODIWGS93	shared
MGA_1109	Bl-ODIWGS93	shared
MGA_111	Bl-ODIWGS93	shared
MGA_1110	Bl-ODIWGS93	shared
MGA_1111	Bl-ODIWGS93	shared
MGA_1112	Bl-ODIWGS93	shared
MGA_1113	Bl-ODIWGS93	shared
MGA_1114	Bl-ODIWGS93	shared
MGA_1115	Bl-ODIWGS93	shared
MGA_112	Bl-ODIWGS93	shared
MGA_1122	Bl-ODIWGS93	shared
MGA_1123	Bl-ODIWGS93	shared
MGA_1124	Bl-ODIWGS93	shared
MGA_1125	Bl-ODIWGS93	shared
MGA_1126	Bl-ODIWGS93	shared
MGA_1127	Bl-ODIWGS93	shared
MGA_1128	Bl-ODIWGS93	shared
MGA_1129	Bl-ODIWGS93	shared
MGA_113	Bl-ODIWGS93	shared
MGA_1130	Bl-ODIWGS93	shared
MGA_1131	Bl-ODIWGS93	shared
MGA_1132	Bl-ODIWGS93	shared
MGA_1133	Bl-ODIWGS93	shared
MGA_1134	Bl-ODIWGS93	shared
MGA_1135	Bl-ODIWGS93	shared
MGA_1136	Bl-ODIWGS93	shared
MGA_1137	Bl-ODIWGS93	shared
MGA_1138	Bl-ODIWGS93	shared
MGA_1139	Bl-ODIWGS93	shared
MGA_1140	Bl-ODIWGS93	shared
MGA_1141	Bl-ODIWGS93	shared
MGA_1142	Bl-ODIWGS93	shared
MGA_1143	Bl-ODIWGS93	shared
MGA_1144	Bl-ODIWGS93	shared
MGA_1145	Bl-ODIWGS93	shared
MGA_1146	Bl-ODIWGS93	shared
MGA_1147	Bl-ODIWGS93	shared
MGA_1148	Bl-ODIWGS93	shared
MGA_1149	Bl-ODIWGS93	shared
MGA_115	Bl-ODIWGS93	shared
MGA_1150	Bl-ODIWGS93	shared
MGA_1151	Bl-ODIWGS93	shared
MGA_1152	Bl-ODIWGS93	shared
MGA_1153	Bl-ODIWGS93	shared
MGA_1154	Bl-ODIWGS93	shared
MGA_1155	Bl-ODIWGS93	shared
MGA_1156	Bl-ODIWGS93	shared
MGA_1157	Bl-ODIWGS93	shared
MGA_1158	Bl-ODIWGS93	shared
MGA_1159	Bl-ODIWGS93	shared
MGA_116	Bl-ODIWGS93	shared
MGA_1160	Bl-ODIWGS93	shared
MGA_1161	Bl-ODIWGS93	shared
MGA_1162	Bl-ODIWGS93	shared
MGA_1163	Bl-ODIWGS93	shared
MGA_1167	Bl-ODIWGS93	shared
MGA_1168	Bl-ODIWGS93	shared
MGA_1169	Bl-ODIWGS93	shared
MGA_117	Bl-ODIWGS93	shared
MGA_1170	Bl-ODIWGS93	shared
MGA_1171	Bl-ODIWGS93	shared
MGA_1172	Bl-ODIWGS93	shared
MGA_1173	Bl-ODIWGS93	shared
MGA_1174	Bl-ODIWGS93	shared
MGA_1175	Bl-ODIWGS93	shared
MGA_1176	Bl-ODIWGS93	shared
MGA_1177	Bl-ODIWGS93	shared
MGA_1178	Bl-ODIWGS93	shared
MGA_1179	Bl-ODIWGS93	shared
MGA_118	Bl-ODIWGS93	shared
MGA_1180	Bl-ODIWGS93	shared
MGA_1181	Bl-ODIWGS93	shared
MGA_1182	Bl-ODIWGS93	shared
MGA_1184	Bl-ODIWGS93	shared
MGA_1185	Bl-ODIWGS93	shared
MGA_1186	Bl-ODIWGS93	shared
MGA_1187	Bl-ODIWGS93	shared
MGA_1188	Bl-ODIWGS93	shared
MGA_1189	Bl-ODIWGS93	shared
MGA_119	Bl-ODIWGS93	shared
MGA_1190	Bl-ODIWGS93	shared
MGA_1191	Bl-ODIWGS93	shared
MGA_1192	Bl-ODIWGS93	shared
MGA_1193	Bl-ODIWGS93	shared
MGA_1194	Bl-ODIWGS93	shared
MGA_1195	Bl-ODIWGS93	shared
MGA_1196	Bl-ODIWGS93	shared
MGA_1197	Bl-ODIWGS93	shared
MGA_1198	Bl-ODIWGS93	shared
MGA_1199	Bl-ODIWGS93	shared
MGA_12	Bl-ODIWGS93	shared
MGA_120	Bl-ODIWGS93	shared
MGA_1200	Bl-ODIWGS93	shared
MGA_1201	Bl-ODIWGS93	shared
MGA_1202	Bl-ODIWGS93	shared
MGA_1203	Bl-ODIWGS93	shared
MGA_1204	Bl-ODIWGS93	shared
MGA_1205	Bl-ODIWGS93	shared
MGA_1206	Bl-ODIWGS93	shared
MGA_1207	Bl-ODIWGS93	shared
MGA_1208	Bl-ODIWGS93	shared
MGA_1209	Bl-ODIWGS93	shared
MGA_121	Bl-ODIWGS93	shared
MGA_1210	Bl-ODIWGS93	shared
MGA_1211	Bl-ODIWGS93	shared
MGA_1212	Bl-ODIWGS93	shared
MGA_1213	Bl-ODIWGS93	shared
MGA_1214	Bl-ODIWGS93	shared
MGA_1215	Bl-ODIWGS93	shared
MGA_1216	Bl-ODIWGS93	shared
MGA_1217	Bl-ODIWGS93	shared
MGA_1218	Bl-ODIWGS93	shared
MGA_1219	Bl-ODIWGS93	shared
MGA_122	Bl-ODIWGS93	shared
MGA_1220	Bl-ODIWGS93	shared
MGA_1221	Bl-ODIWGS93	shared
MGA_1222	Bl-ODIWGS93	shared
MGA_1223	Bl-ODIWGS93	shared
MGA_1224	Bl-ODIWGS93	shared
MGA_1225	Bl-ODIWGS93	shared
MGA_1226	Bl-ODIWGS93	shared
MGA_1227	Bl-ODIWGS93	shared
MGA_1228	Bl-ODIWGS93	shared
MGA_1229	Bl-ODIWGS93	shared
MGA_123	Bl-ODIWGS93	shared
MGA_1230	Bl-ODIWGS93	shared
MGA_1233	Bl-ODIWGS93	shared
MGA_1234	Bl-ODIWGS93	shared
MGA_1235	Bl-ODIWGS93	shared
MGA_1236	Bl-ODIWGS93	shared
MGA_1237	Bl-ODIWGS93	shared
MGA_1238	Bl-ODIWGS93	shared
MGA_1239	Bl-ODIWGS93	shared
MGA_124	Bl-ODIWGS93	shared
MGA_1241	Bl-ODIWGS93	shared
MGA_1242	Bl-ODIWGS93	shared
MGA_1243	Bl-ODIWGS93	shared
MGA_1244	Bl-ODIWGS93	shared
MGA_1245	Bl-ODIWGS93	shared
MGA_1246	Bl-ODIWGS93	shared
MGA_1247	Bl-ODIWGS93	shared
MGA_1248	Bl-ODIWGS93	shared
MGA_1249	Bl-ODIWGS93	shared
MGA_125	Bl-ODIWGS93	shared
MGA_1250	Bl-ODIWGS93	shared
MGA_1251	Bl-ODIWGS93	shared
MGA_1252	Bl-ODIWGS93	shared
MGA_1253	Bl-ODIWGS93	shared
MGA_1254	Bl-ODIWGS93	shared
MGA_1255	Bl-ODIWGS93	shared
MGA_1256	Bl-ODIWGS93	shared
MGA_126	Bl-ODIWGS93	shared
MGA_1260	Bl-ODIWGS93	shared
MGA_1262	Bl-ODIWGS93	shared
MGA_1263	Bl-ODIWGS93	shared
MGA_1264	Bl-ODIWGS93	shared
MGA_1265	Bl-ODIWGS93	shared
MGA_1266	Bl-ODIWGS93	shared
MGA_1267	Bl-ODIWGS93	shared
MGA_1268	Bl-ODIWGS93	shared
MGA_1269	Bl-ODIWGS93	shared
MGA_127	Bl-ODIWGS93	shared
MGA_1270	Bl-ODIWGS93	shared
MGA_1271	Bl-ODIWGS93	shared
MGA_1272	Bl-ODIWGS93	shared
MGA_1273	Bl-ODIWGS93	shared
MGA_1274	Bl-ODIWGS93	shared
MGA_1275	Bl-ODIWGS93	shared
MGA_1276	Bl-ODIWGS93	shared
MGA_1277	Bl-ODIWGS93	shared
MGA_1278	Bl-ODIWGS93	shared
MGA_1279	Bl-ODIWGS93	shared
MGA_128	Bl-ODIWGS93	shared
MGA_1280	Bl-ODIWGS93	shared
MGA_1281	Bl-ODIWGS93	shared
MGA_1282	Bl-ODIWGS93	shared
MGA_1283	Bl-ODIWGS93	shared
MGA_1284	Bl-ODIWGS93	shared
MGA_1285	Bl-ODIWGS93	shared
MGA_1288	Bl-ODIWGS93	shared
MGA_1289	Bl-ODIWGS93	shared
MGA_129	Bl-ODIWGS93	shared
MGA_1291	Bl-ODIWGS93	shared
MGA_1292	Bl-ODIWGS93	shared
MGA_1293	Bl-ODIWGS93	shared
MGA_1294	Bl-ODIWGS93	shared
MGA_1295	Bl-ODIWGS93	shared
MGA_1296	Bl-ODIWGS93	shared
MGA_1297	Bl-ODIWGS93	shared
MGA_1298	Bl-ODIWGS93	shared
MGA_1299	Bl-ODIWGS93	shared
MGA_13	Bl-ODIWGS93	shared
MGA_130	Bl-ODIWGS93	shared
MGA_1300	Bl-ODIWGS93	shared
MGA_1301	Bl-ODIWGS93	shared
MGA_1302	Bl-ODIWGS93	shared
MGA_1303	Bl-ODIWGS93	shared
MGA_1304	Bl-ODIWGS93	shared
MGA_1305	Bl-ODIWGS93	shared
MGA_1306	Bl-ODIWGS93	shared
MGA_1307	Bl-ODIWGS93	shared
MGA_1308	Bl-ODIWGS93	shared
MGA_1309	Bl-ODIWGS93	shared
MGA_131	Bl-ODIWGS93	shared
MGA_1310	Bl-ODIWGS93	shared
MGA_1311	Bl-ODIWGS93	shared
MGA_1312	Bl-ODIWGS93	shared
MGA_1313	Bl-ODIWGS93	shared
MGA_1314	Bl-ODIWGS93	shared
MGA_1315	Bl-ODIWGS93	shared
MGA_1316	Bl-ODIWGS93	shared
MGA_1317	Bl-ODIWGS93	shared
MGA_1318	Bl-ODIWGS93	shared
MGA_1319	Bl-ODIWGS93	shared
MGA_132	Bl-ODIWGS93	shared
MGA_1320	Bl-ODIWGS93	shared
MGA_1321	Bl-ODIWGS93	shared
MGA_1322	Bl-ODIWGS93	shared
MGA_1323	Bl-ODIWGS93	shared
MGA_1324	Bl-ODIWGS93	shared
MGA_1325	Bl-ODIWGS93	shared
MGA_1326	Bl-ODIWGS93	shared
MGA_1327	Bl-ODIWGS93	shared
MGA_1328	Bl-ODIWGS93	shared
MGA_1329	Bl-ODIWGS93	shared
MGA_133	Bl-ODIWGS93	shared
MGA_1330	Bl-ODIWGS93	shared
MGA_1331	Bl-ODIWGS93	shared
MGA_1332	Bl-ODIWGS93	shared
MGA_1334	Bl-ODIWGS93	shared
MGA_1335	Bl-ODIWGS93	shared
MGA_1336	Bl-ODIWGS93	shared
MGA_1337	Bl-ODIWGS93	shared
MGA_1338	Bl-ODIWGS93	shared
MGA_1339	Bl-ODIWGS93	shared
MGA_134	Bl-ODIWGS93	shared
MGA_1340	Bl-ODIWGS93	shared
MGA_135	Bl-ODIWGS93	shared
MGA_1360	Bl-ODIWGS93	shared
MGA_1361	Bl-ODIWGS93	shared
MGA_1362	Bl-ODIWGS93	shared
MGA_1363	Bl-ODIWGS93	shared
MGA_1364	Bl-ODIWGS93	shared
MGA_1365	Bl-ODIWGS93	shared
MGA_1366	Bl-ODIWGS93	shared
MGA_1367	Bl-ODIWGS93	shared
MGA_1368	Bl-ODIWGS93	shared
MGA_1369	Bl-ODIWGS93	shared
MGA_1370	Bl-ODIWGS93	shared
MGA_1371	Bl-ODIWGS93	shared
MGA_1372	Bl-ODIWGS93	shared
MGA_1373	Bl-ODIWGS93	shared
MGA_1375	Bl-ODIWGS93	shared
MGA_1376	Bl-ODIWGS93	shared
MGA_1377	Bl-ODIWGS93	shared
MGA_1379	Bl-ODIWGS93	shared
MGA_1380	Bl-ODIWGS93	shared
MGA_1385	Bl-ODIWGS93	shared
MGA_1386	Bl-ODIWGS93	shared
MGA_1388	Bl-ODIWGS93	shared
MGA_1389	Bl-ODIWGS93	shared
MGA_139	Bl-ODIWGS93	shared
MGA_1390	Bl-ODIWGS93	shared
MGA_1392	Bl-ODIWGS93	shared
MGA_1394	Bl-ODIWGS93	shared
MGA_14	Bl-ODIWGS93	shared
MGA_140	Bl-ODIWGS93	shared
MGA_1400	Bl-ODIWGS93	shared
MGA_1401	Bl-ODIWGS93	shared
MGA_1402	Bl-ODIWGS93	shared
MGA_1403	Bl-ODIWGS93	shared
MGA_1404	Bl-ODIWGS93	shared
MGA_1405	Bl-ODIWGS93	shared
MGA_1406	Bl-ODIWGS93	shared
MGA_1407	Bl-ODIWGS93	shared
MGA_1408	Bl-ODIWGS93	shared
MGA_1409	Bl-ODIWGS93	shared
MGA_141	Bl-ODIWGS93	shared
MGA_1410	Bl-ODIWGS93	shared
MGA_1411	Bl-ODIWGS93	shared
MGA_1412	Bl-ODIWGS93	shared
MGA_1413	Bl-ODIWGS93	shared
MGA_1415	Bl-ODIWGS93	shared
MGA_1416	Bl-ODIWGS93	shared
MGA_1417	Bl-ODIWGS93	shared
MGA_1418	Bl-ODIWGS93	shared
MGA_1419	Bl-ODIWGS93	shared
MGA_142	Bl-ODIWGS93	shared
MGA_1420	Bl-ODIWGS93	shared
MGA_1421	Bl-ODIWGS93	shared
MGA_1422	Bl-ODIWGS93	shared
MGA_1423	Bl-ODIWGS93	shared
MGA_1424	Bl-ODIWGS93	shared
MGA_1425	Bl-ODIWGS93	shared
MGA_1426	Bl-ODIWGS93	shared
MGA_1427	Bl-ODIWGS93	shared
MGA_1428	Bl-ODIWGS93	shared
MGA_1429	Bl-ODIWGS93	shared
MGA_1430	Bl-ODIWGS93	shared
MGA_1431	Bl-ODIWGS93	shared
MGA_1432	Bl-ODIWGS93	shared
MGA_1433	Bl-ODIWGS93	shared
MGA_1434	Bl-ODIWGS93	shared
MGA_1435	Bl-ODIWGS93	shared
MGA_1436	Bl-ODIWGS93	shared
MGA_1437	Bl-ODIWGS93	shared
MGA_1438	Bl-ODIWGS93	shared
MGA_1439	Bl-ODIWGS93	shared
MGA_1440	Bl-ODIWGS93	shared
MGA_1441	Bl-ODIWGS93	shared
MGA_1442	Bl-ODIWGS93	shared
MGA_1443	Bl-ODIWGS93	shared
MGA_1444	Bl-ODIWGS93	shared
MGA_1445	Bl-ODIWGS93	shared
MGA_1446	Bl-ODIWGS93	shared
MGA_1447	Bl-ODIWGS93	shared
MGA_1448	Bl-ODIWGS93	shared
MGA_1449	Bl-ODIWGS93	shared
MGA_145	Bl-ODIWGS93	shared
MGA_1450	Bl-ODIWGS93	shared
MGA_1451	Bl-ODIWGS93	shared
MGA_1452	Bl-ODIWGS93	shared
MGA_1453	Bl-ODIWGS93	shared
MGA_1454	Bl-ODIWGS93	shared
MGA_1455	Bl-ODIWGS93	shared
MGA_1456	Bl-ODIWGS93	shared
MGA_1457	Bl-ODIWGS93	shared
MGA_1458	Bl-ODIWGS93	shared
MGA_1459	Bl-ODIWGS93	shared
MGA_146	Bl-ODIWGS93	shared
MGA_1462	Bl-ODIWGS93	shared
MGA_1469	Bl-ODIWGS93	shared
MGA_147	Bl-ODIWGS93	shared
MGA_1470	Bl-ODIWGS93	shared
MGA_1471	Bl-ODIWGS93	shared
MGA_1472	Bl-ODIWGS93	shared
MGA_1473	Bl-ODIWGS93	shared
MGA_1474	Bl-ODIWGS93	shared
MGA_1475	Bl-ODIWGS93	shared
MGA_1476	Bl-ODIWGS93	shared
MGA_1477	Bl-ODIWGS93	shared
MGA_1478	Bl-ODIWGS93	shared
MGA_1479	Bl-ODIWGS93	shared
MGA_148	Bl-ODIWGS93	shared
MGA_1480	Bl-ODIWGS93	shared
MGA_1481	Bl-ODIWGS93	shared
MGA_1482	Bl-ODIWGS93	shared
MGA_1483	Bl-ODIWGS93	shared
MGA_1484	Bl-ODIWGS93	shared
MGA_1485	Bl-ODIWGS93	shared
MGA_1486	Bl-ODIWGS93	shared
MGA_1487	Bl-ODIWGS93	shared
MGA_1488	Bl-ODIWGS93	shared
MGA_1489	Bl-ODIWGS93	shared
MGA_149	Bl-ODIWGS93	shared
MGA_1490	Bl-ODIWGS93	shared
MGA_1491	Bl-ODIWGS93	shared
MGA_1492	Bl-ODIWGS93	shared
MGA_1493	Bl-ODIWGS93	shared
MGA_1494	Bl-ODIWGS93	shared
MGA_1497	Bl-ODIWGS93	shared
MGA_1498	Bl-ODIWGS93	shared
MGA_1499	Bl-ODIWGS93	shared
MGA_150	Bl-ODIWGS93	shared
MGA_1500	Bl-ODIWGS93	shared
MGA_1501	Bl-ODIWGS93	shared
MGA_1502	Bl-ODIWGS93	shared
MGA_1503	Bl-ODIWGS93	shared
MGA_1504	Bl-ODIWGS93	shared
MGA_1505	Bl-ODIWGS93	shared
MGA_1506	Bl-ODIWGS93	shared
MGA_1507	Bl-ODIWGS93	shared
MGA_1508	Bl-ODIWGS93	shared
MGA_1509	Bl-ODIWGS93	shared
MGA_151	Bl-ODIWGS93	shared
MGA_1510	Bl-ODIWGS93	shared
MGA_1511	Bl-ODIWGS93	shared
MGA_152	Bl-ODIWGS93	shared
MGA_153	Bl-ODIWGS93	shared
MGA_1531	Bl-ODIWGS93	shared
MGA_1532	Bl-ODIWGS93	shared
MGA_1533	Bl-ODIWGS93	shared
MGA_1534	Bl-ODIWGS93	shared
MGA_1535	Bl-ODIWGS93	shared
MGA_1538	Bl-ODIWGS93	shared
MGA_1539	Bl-ODIWGS93	shared
MGA_154	Bl-ODIWGS93	shared
MGA_1540	Bl-ODIWGS93	shared
MGA_1541	Bl-ODIWGS93	shared
MGA_1542	Bl-ODIWGS93	shared
MGA_1543	Bl-ODIWGS93	shared
MGA_1544	Bl-ODIWGS93	shared
MGA_1545	Bl-ODIWGS93	shared
MGA_1546	Bl-ODIWGS93	shared
MGA_1547	Bl-ODIWGS93	shared
MGA_1548	Bl-ODIWGS93	shared
MGA_1549	Bl-ODIWGS93	shared
MGA_155	Bl-ODIWGS93	shared
MGA_1550	Bl-ODIWGS93	shared
MGA_1551	Bl-ODIWGS93	shared
MGA_1552	Bl-ODIWGS93	shared
MGA_1553	Bl-ODIWGS93	shared
MGA_1554	Bl-ODIWGS93	shared
MGA_1555	Bl-ODIWGS93	shared
MGA_1557	Bl-ODIWGS93	shared
MGA_1558	Bl-ODIWGS93	shared
MGA_1559	Bl-ODIWGS93	shared
MGA_156	Bl-ODIWGS93	shared
MGA_1560	Bl-ODIWGS93	shared
MGA_1561	Bl-ODIWGS93	shared
MGA_1562	Bl-ODIWGS93	shared
MGA_1563	Bl-ODIWGS93	shared
MGA_1564	Bl-ODIWGS93	shared
MGA_1565	Bl-ODIWGS93	shared
MGA_1566	Bl-ODIWGS93	shared
MGA_1567	Bl-ODIWGS93	shared
MGA_1568	Bl-ODIWGS93	shared
MGA_1569	Bl-ODIWGS93	shared
MGA_157	Bl-ODIWGS93	shared
MGA_1570	Bl-ODIWGS93	shared
MGA_1571	Bl-ODIWGS93	shared
MGA_1572	Bl-ODIWGS93	shared
MGA_1573	Bl-ODIWGS93	shared
MGA_1574	Bl-ODIWGS93	shared
MGA_1575	Bl-ODIWGS93	shared
MGA_1576	Bl-ODIWGS93	shared
MGA_1577	Bl-ODIWGS93	shared
MGA_1578	Bl-ODIWGS93	shared
MGA_1579	Bl-ODIWGS93	shared
MGA_158	Bl-ODIWGS93	shared
MGA_1580	Bl-ODIWGS93	shared
MGA_1581	Bl-ODIWGS93	shared
MGA_1582	Bl-ODIWGS93	shared
MGA_1583	Bl-ODIWGS93	shared
MGA_1584	Bl-ODIWGS93	shared
MGA_1585	Bl-ODIWGS93	shared
MGA_1586	Bl-ODIWGS93	shared
MGA_1587	Bl-ODIWGS93	shared
MGA_1588	Bl-ODIWGS93	shared
MGA_1589	Bl-ODIWGS93	shared
MGA_159	Bl-ODIWGS93	shared
MGA_1590	Bl-ODIWGS93	shared
MGA_1591	Bl-ODIWGS93	shared
MGA_1592	Bl-ODIWGS93	shared
MGA_1593	Bl-ODIWGS93	shared
MGA_1594	Bl-ODIWGS93	shared
MGA_1595	Bl-ODIWGS93	shared
MGA_1596	Bl-ODIWGS93	shared
MGA_1597	Bl-ODIWGS93	shared
MGA_1598	Bl-ODIWGS93	shared
MGA_1599	Bl-ODIWGS93	shared
MGA_16	Bl-ODIWGS93	shared
MGA_160	Bl-ODIWGS93	shared
MGA_1600	Bl-ODIWGS93	shared
MGA_1601	Bl-ODIWGS93	shared
MGA_1603	Bl-ODIWGS93	shared
MGA_1604	Bl-ODIWGS93	shared
MGA_1605	Bl-ODIWGS93	shared
MGA_1606	Bl-ODIWGS93	shared
MGA_1607	Bl-ODIWGS93	shared
MGA_1608	Bl-ODIWGS93	shared
MGA_1609	Bl-ODIWGS93	shared
MGA_1610	Bl-ODIWGS93	shared
MGA_1611	Bl-ODIWGS93	shared
MGA_1612	Bl-ODIWGS93	shared
MGA_1614	Bl-ODIWGS93	shared
MGA_1615	Bl-ODIWGS93	shared
MGA_1616	Bl-ODIWGS93	shared
MGA_1620	Bl-ODIWGS93	shared
MGA_1621	Bl-ODIWGS93	shared
MGA_1624	Bl-ODIWGS93	shared
MGA_1625	Bl-ODIWGS93	shared
MGA_1626	Bl-ODIWGS93	shared
MGA_1627	Bl-ODIWGS93	shared
MGA_1628	Bl-ODIWGS93	shared
MGA_1629	Bl-ODIWGS93	shared
MGA_1630	Bl-ODIWGS93	shared
MGA_1631	Bl-ODIWGS93	shared
MGA_1632	Bl-ODIWGS93	shared
MGA_1633	Bl-ODIWGS93	shared
MGA_1634	Bl-ODIWGS93	shared
MGA_1635	Bl-ODIWGS93	shared
MGA_1636	Bl-ODIWGS93	shared
MGA_1637	Bl-ODIWGS93	shared
MGA_1640	Bl-ODIWGS93	shared
MGA_1641	Bl-ODIWGS93	shared
MGA_1642	Bl-ODIWGS93	shared
MGA_1643	Bl-ODIWGS93	shared
MGA_1644	Bl-ODIWGS93	shared
MGA_1645	Bl-ODIWGS93	shared
MGA_1646	Bl-ODIWGS93	shared
MGA_1647	Bl-ODIWGS93	shared
MGA_1648	Bl-ODIWGS93	shared
MGA_1649	Bl-ODIWGS93	shared
MGA_1650	Bl-ODIWGS93	shared
MGA_1651	Bl-ODIWGS93	shared
MGA_1652	Bl-ODIWGS93	shared
MGA_1653	Bl-ODIWGS93	shared
MGA_1654	Bl-ODIWGS93	shared
MGA_1655	Bl-ODIWGS93	shared
MGA_1657	Bl-ODIWGS93	shared
MGA_1658	Bl-ODIWGS93	shared
MGA_1659	Bl-ODIWGS93	shared
MGA_1660	Bl-ODIWGS93	shared
MGA_1661	Bl-ODIWGS93	shared
MGA_1662	Bl-ODIWGS93	shared
MGA_1663	Bl-ODIWGS93	shared
MGA_1664	Bl-ODIWGS93	shared
MGA_1665	Bl-ODIWGS93	shared
MGA_1666	Bl-ODIWGS93	shared
MGA_1667	Bl-ODIWGS93	shared
MGA_1668	Bl-ODIWGS93	shared
MGA_1669	Bl-ODIWGS93	shared
MGA_1672	Bl-ODIWGS93	shared
MGA_1673	Bl-ODIWGS93	shared
MGA_1674	Bl-ODIWGS93	shared
MGA_1675	Bl-ODIWGS93	shared
MGA_1678	Bl-ODIWGS93	shared
MGA_1679	Bl-ODIWGS93	shared
MGA_1680	Bl-ODIWGS93	shared
MGA_1681	Bl-ODIWGS93	shared
MGA_1682	Bl-ODIWGS93	shared
MGA_1683	Bl-ODIWGS93	shared
MGA_1684	Bl-ODIWGS93	shared
MGA_1687	Bl-ODIWGS93	shared
MGA_1688	Bl-ODIWGS93	shared
MGA_1689	Bl-ODIWGS93	shared
MGA_1690	Bl-ODIWGS93	shared
MGA_1691	Bl-ODIWGS93	shared
MGA_1692	Bl-ODIWGS93	shared
MGA_17	Bl-ODIWGS93	shared
MGA_170	Bl-ODIWGS93	shared
MGA_1700	Bl-ODIWGS93	shared
MGA_1704	Bl-ODIWGS93	shared
MGA_1705	Bl-ODIWGS93	shared
MGA_1706	Bl-ODIWGS93	shared
MGA_1707	Bl-ODIWGS93	shared
MGA_1708	Bl-ODIWGS93	shared
MGA_1709	Bl-ODIWGS93	shared
MGA_171	Bl-ODIWGS93	shared
MGA_1711	Bl-ODIWGS93	shared
MGA_1712	Bl-ODIWGS93	shared
MGA_1713	Bl-ODIWGS93	shared
MGA_1714	Bl-ODIWGS93	shared
MGA_1715	Bl-ODIWGS93	shared
MGA_1716	Bl-ODIWGS93	shared
MGA_1717	Bl-ODIWGS93	shared
MGA_1718	Bl-ODIWGS93	shared
MGA_1719	Bl-ODIWGS93	shared
MGA_172	Bl-ODIWGS93	shared
MGA_1720	Bl-ODIWGS93	shared
MGA_1721	Bl-ODIWGS93	shared
MGA_1722	Bl-ODIWGS93	shared
MGA_1725	Bl-ODIWGS93	shared
MGA_1726	Bl-ODIWGS93	shared
MGA_1727	Bl-ODIWGS93	shared
MGA_1728	Bl-ODIWGS93	shared
MGA_1729	Bl-ODIWGS93	shared
MGA_173	Bl-ODIWGS93	shared
MGA_1730	Bl-ODIWGS93	shared
MGA_174	Bl-ODIWGS93	shared
MGA_1746	Bl-ODIWGS93	shared
MGA_1747	Bl-ODIWGS93	shared
MGA_1748	Bl-ODIWGS93	shared
MGA_1749	Bl-ODIWGS93	shared
MGA_175	Bl-ODIWGS93	shared
MGA_1750	Bl-ODIWGS93	shared
MGA_1751	Bl-ODIWGS93	shared
MGA_1752	Bl-ODIWGS93	shared
MGA_1754	Bl-ODIWGS93	shared
MGA_1755	Bl-ODIWGS93	shared
MGA_1757	Bl-ODIWGS93	shared
MGA_1758	Bl-ODIWGS93	shared
MGA_1759	Bl-ODIWGS93	shared
MGA_176	Bl-ODIWGS93	shared
MGA_1760	Bl-ODIWGS93	shared
MGA_1761	Bl-ODIWGS93	shared
MGA_1762	Bl-ODIWGS93	shared
MGA_1763	Bl-ODIWGS93	shared
MGA_1764	Bl-ODIWGS93	shared
MGA_1765	Bl-ODIWGS93	shared
MGA_1768	Bl-ODIWGS93	shared
MGA_1769	Bl-ODIWGS93	shared
MGA_177	Bl-ODIWGS93	shared
MGA_1770	Bl-ODIWGS93	shared
MGA_1771	Bl-ODIWGS93	shared
MGA_1772	Bl-ODIWGS93	shared
MGA_1773	Bl-ODIWGS93	shared
MGA_1774	Bl-ODIWGS93	shared
MGA_1776	Bl-ODIWGS93	shared
MGA_1777	Bl-ODIWGS93	shared
MGA_1778	Bl-ODIWGS93	shared
MGA_178	Bl-ODIWGS93	shared
MGA_1784	Bl-ODIWGS93	shared
MGA_1785	Bl-ODIWGS93	shared
MGA_1787	Bl-ODIWGS93	shared
MGA_1788	Bl-ODIWGS93	shared
MGA_1789	Bl-ODIWGS93	shared
MGA_179	Bl-ODIWGS93	shared
MGA_1790	Bl-ODIWGS93	shared
MGA_1791	Bl-ODIWGS93	shared
MGA_1792	Bl-ODIWGS93	shared
MGA_1794	Bl-ODIWGS93	shared
MGA_1795	Bl-ODIWGS93	shared
MGA_1796	Bl-ODIWGS93	shared
MGA_1797	Bl-ODIWGS93	shared
MGA_1798	Bl-ODIWGS93	shared
MGA_1799	Bl-ODIWGS93	shared
MGA_18	Bl-ODIWGS93	shared
MGA_180	Bl-ODIWGS93	shared
MGA_181	Bl-ODIWGS93	shared
MGA_1813	Bl-ODIWGS93	shared
MGA_1814	Bl-ODIWGS93	shared
MGA_1815	Bl-ODIWGS93	shared
MGA_1816	Bl-ODIWGS93	shared
MGA_1817	Bl-ODIWGS93	shared
MGA_1818	Bl-ODIWGS93	shared
MGA_182	Bl-ODIWGS93	shared
MGA_1821	Bl-ODIWGS93	shared
MGA_1822	Bl-ODIWGS93	shared
MGA_1823	Bl-ODIWGS93	shared
MGA_1824	Bl-ODIWGS93	shared
MGA_1829	Bl-ODIWGS93	shared
MGA_183	Bl-ODIWGS93	shared
MGA_1837	Bl-ODIWGS93	shared
MGA_1838	Bl-ODIWGS93	shared
MGA_1839	Bl-ODIWGS93	shared
MGA_184	Bl-ODIWGS93	shared
MGA_1840	Bl-ODIWGS93	shared
MGA_1843	Bl-ODIWGS93	shared
MGA_1844	Bl-ODIWGS93	shared
MGA_1845	Bl-ODIWGS93	shared
MGA_1846	Bl-ODIWGS93	shared
MGA_1847	Bl-ODIWGS93	shared
MGA_185	Bl-ODIWGS93	shared
MGA_1851	Bl-ODIWGS93	shared
MGA_1865	Bl-ODIWGS93	shared
MGA_1866	Bl-ODIWGS93	shared
MGA_187	Bl-ODIWGS93	shared
MGA_1877	Bl-ODIWGS93	shared
MGA_188	Bl-ODIWGS93	shared
MGA_189	Bl-ODIWGS93	shared
MGA_19	Bl-ODIWGS93	shared
MGA_190	Bl-ODIWGS93	shared
MGA_192	Bl-ODIWGS93	shared
MGA_193	Bl-ODIWGS93	shared
MGA_194	Bl-ODIWGS93	shared
MGA_195	Bl-ODIWGS93	shared
MGA_196	Bl-ODIWGS93	shared
MGA_197	Bl-ODIWGS93	shared
MGA_198	Bl-ODIWGS93	shared
MGA_199	Bl-ODIWGS93	shared
MGA_2	Bl-ODIWGS93	shared
MGA_20	Bl-ODIWGS93	shared
MGA_200	Bl-ODIWGS93	shared
MGA_201	Bl-ODIWGS93	shared
MGA_202	Bl-ODIWGS93	shared
MGA_203	Bl-ODIWGS93	shared
MGA_206	Bl-ODIWGS93	shared
MGA_207	Bl-ODIWGS93	shared
MGA_208	Bl-ODIWGS93	shared
MGA_209	Bl-ODIWGS93	shared
MGA_21	Bl-ODIWGS93	shared
MGA_210	Bl-ODIWGS93	shared
MGA_212	Bl-ODIWGS93	shared
MGA_213	Bl-ODIWGS93	shared
MGA_214	Bl-ODIWGS93	shared
MGA_215	Bl-ODIWGS93	shared
MGA_216	Bl-ODIWGS93	shared
MGA_217	Bl-ODIWGS93	shared
MGA_218	Bl-ODIWGS93	shared
MGA_219	Bl-ODIWGS93	shared
MGA_220	Bl-ODIWGS93	shared
MGA_221	Bl-ODIWGS93	shared
MGA_222	Bl-ODIWGS93	shared
MGA_223	Bl-ODIWGS93	shared
MGA_224	Bl-ODIWGS93	shared
MGA_225	Bl-ODIWGS93	shared
MGA_226	Bl-ODIWGS93	shared
MGA_227	Bl-ODIWGS93	shared
MGA_228	Bl-ODIWGS93	shared
MGA_229	Bl-ODIWGS93	shared
MGA_23	Bl-ODIWGS93	shared
MGA_230	Bl-ODIWGS93	shared
MGA_231	Bl-ODIWGS93	shared
MGA_232	Bl-ODIWGS93	shared
MGA_233	Bl-ODIWGS93	shared
MGA_234	Bl-ODIWGS93	shared
MGA_235	Bl-ODIWGS93	shared
MGA_236	Bl-ODIWGS93	shared
MGA_237	Bl-ODIWGS93	shared
MGA_238	Bl-ODIWGS93	shared
MGA_239	Bl-ODIWGS93	shared
MGA_24	Bl-ODIWGS93	shared
MGA_240	Bl-ODIWGS93	shared
MGA_241	Bl-ODIWGS93	shared
MGA_242	Bl-ODIWGS93	shared
MGA_243	Bl-ODIWGS93	shared
MGA_244	Bl-ODIWGS93	shared
MGA_245	Bl-ODIWGS93	shared
MGA_246	Bl-ODIWGS93	shared
MGA_247	Bl-ODIWGS93	shared
MGA_248	Bl-ODIWGS93	shared
MGA_249	Bl-ODIWGS93	shared
MGA_25	Bl-ODIWGS93	shared
MGA_250	Bl-ODIWGS93	shared
MGA_251	Bl-ODIWGS93	shared
MGA_252	Bl-ODIWGS93	shared
MGA_253	Bl-ODIWGS93	shared
MGA_254	Bl-ODIWGS93	shared
MGA_255	Bl-ODIWGS93	shared
MGA_256	Bl-ODIWGS93	shared
MGA_257	Bl-ODIWGS93	shared
MGA_258	Bl-ODIWGS93	shared
MGA_259	Bl-ODIWGS93	shared
MGA_26	Bl-ODIWGS93	shared
MGA_260	Bl-ODIWGS93	shared
MGA_261	Bl-ODIWGS93	shared
MGA_262	Bl-ODIWGS93	shared
MGA_263	Bl-ODIWGS93	shared
MGA_264	Bl-ODIWGS93	shared
MGA_265	Bl-ODIWGS93	shared
MGA_266	Bl-ODIWGS93	shared
MGA_267	Bl-ODIWGS93	shared
MGA_268	Bl-ODIWGS93	shared
MGA_269	Bl-ODIWGS93	shared
MGA_27	Bl-ODIWGS93	shared
MGA_270	Bl-ODIWGS93	shared
MGA_271	Bl-ODIWGS93	shared
MGA_272	Bl-ODIWGS93	shared
MGA_273	Bl-ODIWGS93	shared
MGA_274	Bl-ODIWGS93	shared
MGA_275	Bl-ODIWGS93	shared
MGA_276	Bl-ODIWGS93	shared
MGA_277	Bl-ODIWGS93	shared
MGA_278	Bl-ODIWGS93	shared
MGA_279	Bl-ODIWGS93	shared
MGA_28	Bl-ODIWGS93	shared
MGA_280	Bl-ODIWGS93	shared
MGA_281	Bl-ODIWGS93	shared
MGA_282	Bl-ODIWGS93	shared
MGA_284	Bl-ODIWGS93	shared
MGA_285	Bl-ODIWGS93	shared
MGA_286	Bl-ODIWGS93	shared
MGA_29	Bl-ODIWGS93	shared
MGA_291	Bl-ODIWGS93	shared
MGA_292	Bl-ODIWGS93	shared
MGA_293	Bl-ODIWGS93	shared
MGA_294	Bl-ODIWGS93	shared
MGA_296	Bl-ODIWGS93	shared
MGA_297	Bl-ODIWGS93	shared
MGA_298	Bl-ODIWGS93	shared
MGA_299	Bl-ODIWGS93	shared
MGA_3	Bl-ODIWGS93	shared
MGA_30	Bl-ODIWGS93	shared
MGA_300	Bl-ODIWGS93	shared
MGA_301	Bl-ODIWGS93	shared
MGA_302	Bl-ODIWGS93	shared
MGA_303	Bl-ODIWGS93	shared
MGA_304	Bl-ODIWGS93	shared
MGA_305	Bl-ODIWGS93	shared
MGA_306	Bl-ODIWGS93	shared
MGA_307	Bl-ODIWGS93	shared
MGA_308	Bl-ODIWGS93	shared
MGA_309	Bl-ODIWGS93	shared
MGA_31	Bl-ODIWGS93	shared
MGA_310	Bl-ODIWGS93	shared
MGA_311	Bl-ODIWGS93	shared
MGA_312	Bl-ODIWGS93	shared
MGA_313	Bl-ODIWGS93	shared
MGA_314	Bl-ODIWGS93	shared
MGA_315	Bl-ODIWGS93	shared
MGA_316	Bl-ODIWGS93	shared
MGA_317	Bl-ODIWGS93	shared
MGA_318	Bl-ODIWGS93	shared
MGA_319	Bl-ODIWGS93	shared
MGA_32	Bl-ODIWGS93	shared
MGA_320	Bl-ODIWGS93	shared
MGA_321	Bl-ODIWGS93	shared
MGA_322	Bl-ODIWGS93	shared
MGA_323	Bl-ODIWGS93	shared
MGA_324	Bl-ODIWGS93	shared
MGA_325	Bl-ODIWGS93	shared
MGA_326	Bl-ODIWGS93	shared
MGA_327	Bl-ODIWGS93	shared
MGA_328	Bl-ODIWGS93	shared
MGA_329	Bl-ODIWGS93	shared
MGA_33	Bl-ODIWGS93	shared
MGA_330	Bl-ODIWGS93	shared
MGA_331	Bl-ODIWGS93	shared
MGA_332	Bl-ODIWGS93	shared
MGA_333	Bl-ODIWGS93	shared
MGA_334	Bl-ODIWGS93	shared
MGA_335	Bl-ODIWGS93	shared
MGA_336	Bl-ODIWGS93	shared
MGA_337	Bl-ODIWGS93	shared
MGA_338	Bl-ODIWGS93	shared
MGA_339	Bl-ODIWGS93	shared
MGA_34	Bl-ODIWGS93	shared
MGA_340	Bl-ODIWGS93	shared
MGA_341	Bl-ODIWGS93	shared
MGA_342	Bl-ODIWGS93	shared
MGA_343	Bl-ODIWGS93	shared
MGA_344	Bl-ODIWGS93	shared
MGA_345	Bl-ODIWGS93	shared
MGA_346	Bl-ODIWGS93	shared
MGA_347	Bl-ODIWGS93	shared
MGA_348	Bl-ODIWGS93	shared
MGA_349	Bl-ODIWGS93	shared
MGA_35	Bl-ODIWGS93	shared
MGA_350	Bl-ODIWGS93	shared
MGA_351	Bl-ODIWGS93	shared
MGA_352	Bl-ODIWGS93	shared
MGA_353	Bl-ODIWGS93	shared
MGA_354	Bl-ODIWGS93	shared
MGA_355	Bl-ODIWGS93	shared
MGA_356	Bl-ODIWGS93	shared
MGA_357	Bl-ODIWGS93	shared
MGA_358	Bl-ODIWGS93	shared
MGA_359	Bl-ODIWGS93	shared
MGA_36	Bl-ODIWGS93	shared
MGA_360	Bl-ODIWGS93	shared
MGA_361	Bl-ODIWGS93	shared
MGA_362	Bl-ODIWGS93	shared
MGA_363	Bl-ODIWGS93	shared
MGA_364	Bl-ODIWGS93	shared
MGA_365	Bl-ODIWGS93	shared
MGA_366	Bl-ODIWGS93	shared
MGA_367	Bl-ODIWGS93	shared
MGA_368	Bl-ODIWGS93	shared
MGA_369	Bl-ODIWGS93	shared
MGA_37	Bl-ODIWGS93	shared
MGA_370	Bl-ODIWGS93	shared
MGA_371	Bl-ODIWGS93	shared
MGA_372	Bl-ODIWGS93	shared
MGA_373	Bl-ODIWGS93	shared
MGA_374	Bl-ODIWGS93	shared
MGA_377	Bl-ODIWGS93	shared
MGA_378	Bl-ODIWGS93	shared
MGA_379	Bl-ODIWGS93	shared
MGA_38	Bl-ODIWGS93	shared
MGA_380	Bl-ODIWGS93	shared
MGA_382	Bl-ODIWGS93	shared
MGA_383	Bl-ODIWGS93	shared
MGA_384	Bl-ODIWGS93	shared
MGA_385	Bl-ODIWGS93	shared
MGA_386	Bl-ODIWGS93	shared
MGA_387	Bl-ODIWGS93	shared
MGA_388	Bl-ODIWGS93	shared
MGA_389	Bl-ODIWGS93	shared
MGA_39	Bl-ODIWGS93	shared
MGA_390	Bl-ODIWGS93	shared
MGA_391	Bl-ODIWGS93	shared
MGA_395	Bl-ODIWGS93	shared
MGA_396	Bl-ODIWGS93	shared
MGA_397	Bl-ODIWGS93	shared
MGA_398	Bl-ODIWGS93	shared
MGA_399	Bl-ODIWGS93	shared
MGA_4	Bl-ODIWGS93	shared
MGA_40	Bl-ODIWGS93	shared
MGA_400	Bl-ODIWGS93	shared
MGA_401	Bl-ODIWGS93	shared
MGA_402	Bl-ODIWGS93	shared
MGA_403	Bl-ODIWGS93	shared
MGA_404	Bl-ODIWGS93	shared
MGA_405	Bl-ODIWGS93	shared
MGA_406	Bl-ODIWGS93	shared
MGA_407	Bl-ODIWGS93	shared
MGA_408	Bl-ODIWGS93	shared
MGA_409	Bl-ODIWGS93	shared
MGA_41	Bl-ODIWGS93	shared
MGA_410	Bl-ODIWGS93	shared
MGA_411	Bl-ODIWGS93	shared
MGA_412	Bl-ODIWGS93	shared
MGA_413	Bl-ODIWGS93	shared
MGA_415	Bl-ODIWGS93	shared
MGA_416	Bl-ODIWGS93	shared
MGA_417	Bl-ODIWGS93	shared
MGA_418	Bl-ODIWGS93	shared
MGA_419	Bl-ODIWGS93	shared
MGA_42	Bl-ODIWGS93	shared
MGA_420	Bl-ODIWGS93	shared
MGA_421	Bl-ODIWGS93	shared
MGA_422	Bl-ODIWGS93	shared
MGA_423	Bl-ODIWGS93	shared
MGA_424	Bl-ODIWGS93	shared
MGA_425	Bl-ODIWGS93	shared
MGA_426	Bl-ODIWGS93	shared
MGA_427	Bl-ODIWGS93	shared
MGA_428	Bl-ODIWGS93	shared
MGA_429	Bl-ODIWGS93	shared
MGA_43	Bl-ODIWGS93	shared
MGA_430	Bl-ODIWGS93	shared
MGA_431	Bl-ODIWGS93	shared
MGA_432	Bl-ODIWGS93	shared
MGA_433	Bl-ODIWGS93	shared
MGA_434	Bl-ODIWGS93	shared
MGA_435	Bl-ODIWGS93	shared
MGA_436	Bl-ODIWGS93	shared
MGA_437	Bl-ODIWGS93	shared
MGA_438	Bl-ODIWGS93	shared
MGA_439	Bl-ODIWGS93	shared
MGA_44	Bl-ODIWGS93	shared
MGA_440	Bl-ODIWGS93	shared
MGA_441	Bl-ODIWGS93	shared
MGA_442	Bl-ODIWGS93	shared
MGA_443	Bl-ODIWGS93	shared
MGA_444	Bl-ODIWGS93	shared
MGA_445	Bl-ODIWGS93	shared
MGA_446	Bl-ODIWGS93	shared
MGA_447	Bl-ODIWGS93	shared
MGA_448	Bl-ODIWGS93	shared
MGA_449	Bl-ODIWGS93	shared
MGA_45	Bl-ODIWGS93	shared
MGA_450	Bl-ODIWGS93	shared
MGA_451	Bl-ODIWGS93	shared
MGA_452	Bl-ODIWGS93	shared
MGA_453	Bl-ODIWGS93	shared
MGA_454	Bl-ODIWGS93	shared
MGA_455	Bl-ODIWGS93	shared
MGA_456	Bl-ODIWGS93	shared
MGA_457	Bl-ODIWGS93	shared
MGA_458	Bl-ODIWGS93	shared
MGA_459	Bl-ODIWGS93	shared
MGA_46	Bl-ODIWGS93	shared
MGA_460	Bl-ODIWGS93	shared
MGA_461	Bl-ODIWGS93	shared
MGA_462	Bl-ODIWGS93	shared
MGA_463	Bl-ODIWGS93	shared
MGA_464	Bl-ODIWGS93	shared
MGA_465	Bl-ODIWGS93	shared
MGA_466	Bl-ODIWGS93	shared
MGA_467	Bl-ODIWGS93	shared
MGA_468	Bl-ODIWGS93	shared
MGA_469	Bl-ODIWGS93	shared
MGA_47	Bl-ODIWGS93	shared
MGA_470	Bl-ODIWGS93	shared
MGA_471	Bl-ODIWGS93	shared
MGA_472	Bl-ODIWGS93	shared
MGA_473	Bl-ODIWGS93	shared
MGA_474	Bl-ODIWGS93	shared
MGA_475	Bl-ODIWGS93	shared
MGA_477	Bl-ODIWGS93	shared
MGA_478	Bl-ODIWGS93	shared
MGA_479	Bl-ODIWGS93	shared
MGA_48	Bl-ODIWGS93	shared
MGA_480	Bl-ODIWGS93	shared
MGA_481	Bl-ODIWGS93	shared
MGA_482	Bl-ODIWGS93	shared
MGA_483	Bl-ODIWGS93	shared
MGA_484	Bl-ODIWGS93	shared
MGA_485	Bl-ODIWGS93	shared
MGA_487	Bl-ODIWGS93	shared
MGA_488	Bl-ODIWGS93	shared
MGA_489	Bl-ODIWGS93	shared
MGA_49	Bl-ODIWGS93	shared
MGA_490	Bl-ODIWGS93	shared
MGA_491	Bl-ODIWGS93	shared
MGA_492	Bl-ODIWGS93	shared
MGA_493	Bl-ODIWGS93	shared
MGA_494	Bl-ODIWGS93	shared
MGA_495	Bl-ODIWGS93	shared
MGA_496	Bl-ODIWGS93	shared
MGA_498	Bl-ODIWGS93	shared
MGA_499	Bl-ODIWGS93	shared
MGA_50	Bl-ODIWGS93	shared
MGA_501	Bl-ODIWGS93	shared
MGA_502	Bl-ODIWGS93	shared
MGA_503	Bl-ODIWGS93	shared
MGA_504	Bl-ODIWGS93	shared
MGA_505	Bl-ODIWGS93	shared
MGA_506	Bl-ODIWGS93	shared
MGA_507	Bl-ODIWGS93	shared
MGA_508	Bl-ODIWGS93	shared
MGA_509	Bl-ODIWGS93	shared
MGA_51	Bl-ODIWGS93	shared
MGA_510	Bl-ODIWGS93	shared
MGA_511	Bl-ODIWGS93	shared
MGA_512	Bl-ODIWGS93	shared
MGA_513	Bl-ODIWGS93	shared
MGA_514	Bl-ODIWGS93	shared
MGA_515	Bl-ODIWGS93	shared
MGA_516	Bl-ODIWGS93	shared
MGA_517	Bl-ODIWGS93	shared
MGA_518	Bl-ODIWGS93	shared
MGA_519	Bl-ODIWGS93	shared
MGA_52	Bl-ODIWGS93	shared
MGA_520	Bl-ODIWGS93	shared
MGA_521	Bl-ODIWGS93	shared
MGA_522	Bl-ODIWGS93	shared
MGA_523	Bl-ODIWGS93	shared
MGA_524	Bl-ODIWGS93	shared
MGA_525	Bl-ODIWGS93	shared
MGA_53	Bl-ODIWGS93	shared
MGA_54	Bl-ODIWGS93	shared
MGA_55	Bl-ODIWGS93	shared
MGA_557	Bl-ODIWGS93	shared
MGA_558	Bl-ODIWGS93	shared
MGA_56	Bl-ODIWGS93	shared
MGA_560	Bl-ODIWGS93	shared
MGA_561	Bl-ODIWGS93	shared
MGA_562	Bl-ODIWGS93	shared
MGA_563	Bl-ODIWGS93	shared
MGA_564	Bl-ODIWGS93	shared
MGA_565	Bl-ODIWGS93	shared
MGA_566	Bl-ODIWGS93	shared
MGA_567	Bl-ODIWGS93	shared
MGA_568	Bl-ODIWGS93	shared
MGA_569	Bl-ODIWGS93	shared
MGA_57	Bl-ODIWGS93	shared
MGA_570	Bl-ODIWGS93	shared
MGA_571	Bl-ODIWGS93	shared
MGA_572	Bl-ODIWGS93	shared
MGA_573	Bl-ODIWGS93	shared
MGA_574	Bl-ODIWGS93	shared
MGA_575	Bl-ODIWGS93	shared
MGA_576	Bl-ODIWGS93	shared
MGA_577	Bl-ODIWGS93	shared
MGA_578	Bl-ODIWGS93	shared
MGA_579	Bl-ODIWGS93	shared
MGA_58	Bl-ODIWGS93	shared
MGA_580	Bl-ODIWGS93	shared
MGA_581	Bl-ODIWGS93	shared
MGA_582	Bl-ODIWGS93	shared
MGA_583	Bl-ODIWGS93	shared
MGA_584	Bl-ODIWGS93	shared
MGA_585	Bl-ODIWGS93	shared
MGA_586	Bl-ODIWGS93	shared
MGA_587	Bl-ODIWGS93	shared
MGA_588	Bl-ODIWGS93	shared
MGA_589	Bl-ODIWGS93	shared
MGA_59	Bl-ODIWGS93	shared
MGA_590	Bl-ODIWGS93	shared
MGA_591	Bl-ODIWGS93	shared
MGA_592	Bl-ODIWGS93	shared
MGA_595	Bl-ODIWGS93	shared
MGA_596	Bl-ODIWGS93	shared
MGA_597	Bl-ODIWGS93	shared
MGA_598	Bl-ODIWGS93	shared
MGA_599	Bl-ODIWGS93	shared
MGA_6	Bl-ODIWGS93	shared
MGA_60	Bl-ODIWGS93	shared
MGA_600	Bl-ODIWGS93	shared
MGA_601	Bl-ODIWGS93	shared
MGA_602	Bl-ODIWGS93	shared
MGA_603	Bl-ODIWGS93	shared
MGA_604	Bl-ODIWGS93	shared
MGA_605	Bl-ODIWGS93	shared
MGA_606	Bl-ODIWGS93	shared
MGA_607	Bl-ODIWGS93	shared
MGA_608	Bl-ODIWGS93	shared
MGA_609	Bl-ODIWGS93	shared
MGA_61	Bl-ODIWGS93	shared
MGA_610	Bl-ODIWGS93	shared
MGA_611	Bl-ODIWGS93	shared
MGA_612	Bl-ODIWGS93	shared
MGA_613	Bl-ODIWGS93	shared
MGA_614	Bl-ODIWGS93	shared
MGA_615	Bl-ODIWGS93	shared
MGA_616	Bl-ODIWGS93	shared
MGA_617	Bl-ODIWGS93	shared
MGA_618	Bl-ODIWGS93	shared
MGA_619	Bl-ODIWGS93	shared
MGA_62	Bl-ODIWGS93	shared
MGA_620	Bl-ODIWGS93	shared
MGA_621	Bl-ODIWGS93	shared
MGA_622	Bl-ODIWGS93	shared
MGA_623	Bl-ODIWGS93	shared
MGA_625	Bl-ODIWGS93	shared
MGA_626	Bl-ODIWGS93	shared
MGA_627	Bl-ODIWGS93	shared
MGA_628	Bl-ODIWGS93	shared
MGA_629	Bl-ODIWGS93	shared
MGA_63	Bl-ODIWGS93	shared
MGA_630	Bl-ODIWGS93	shared
MGA_631	Bl-ODIWGS93	shared
MGA_632	Bl-ODIWGS93	shared
MGA_633	Bl-ODIWGS93	shared
MGA_634	Bl-ODIWGS93	shared
MGA_635	Bl-ODIWGS93	shared
MGA_636	Bl-ODIWGS93	shared
MGA_637	Bl-ODIWGS93	shared
MGA_638	Bl-ODIWGS93	shared
MGA_639	Bl-ODIWGS93	shared
MGA_64	Bl-ODIWGS93	shared
MGA_640	Bl-ODIWGS93	shared
MGA_641	Bl-ODIWGS93	shared
MGA_642	Bl-ODIWGS93	shared
MGA_643	Bl-ODIWGS93	shared
MGA_644	Bl-ODIWGS93	shared
MGA_645	Bl-ODIWGS93	shared
MGA_646	Bl-ODIWGS93	shared
MGA_647	Bl-ODIWGS93	shared
MGA_648	Bl-ODIWGS93	shared
MGA_649	Bl-ODIWGS93	shared
MGA_65	Bl-ODIWGS93	shared
MGA_650	Bl-ODIWGS93	shared
MGA_651	Bl-ODIWGS93	shared
MGA_652	Bl-ODIWGS93	shared
MGA_653	Bl-ODIWGS93	shared
MGA_654	Bl-ODIWGS93	shared
MGA_655	Bl-ODIWGS93	shared
MGA_656	Bl-ODIWGS93	shared
MGA_657	Bl-ODIWGS93	shared
MGA_659	Bl-ODIWGS93	shared
MGA_66	Bl-ODIWGS93	shared
MGA_660	Bl-ODIWGS93	shared
MGA_661	Bl-ODIWGS93	shared
MGA_662	Bl-ODIWGS93	shared
MGA_663	Bl-ODIWGS93	shared
MGA_664	Bl-ODIWGS93	shared
MGA_67	Bl-ODIWGS93	shared
MGA_675	Bl-ODIWGS93	shared
MGA_676	Bl-ODIWGS93	shared
MGA_677	Bl-ODIWGS93	shared
MGA_678	Bl-ODIWGS93	shared
MGA_679	Bl-ODIWGS93	shared
MGA_68	Bl-ODIWGS93	shared
MGA_680	Bl-ODIWGS93	shared
MGA_683	Bl-ODIWGS93	shared
MGA_684	Bl-ODIWGS93	shared
MGA_685	Bl-ODIWGS93	shared
MGA_686	Bl-ODIWGS93	shared
MGA_687	Bl-ODIWGS93	shared
MGA_69	Bl-ODIWGS93	shared
MGA_692	Bl-ODIWGS93	shared
MGA_693	Bl-ODIWGS93	shared
MGA_694	Bl-ODIWGS93	shared
MGA_695	Bl-ODIWGS93	shared
MGA_696	Bl-ODIWGS93	shared
MGA_697	Bl-ODIWGS93	shared
MGA_698	Bl-ODIWGS93	shared
MGA_7	Bl-ODIWGS93	shared
MGA_70	Bl-ODIWGS93	shared
MGA_700	Bl-ODIWGS93	shared
MGA_701	Bl-ODIWGS93	shared
MGA_702	Bl-ODIWGS93	shared
MGA_703	Bl-ODIWGS93	shared
MGA_704	Bl-ODIWGS93	shared
MGA_705	Bl-ODIWGS93	shared
MGA_706	Bl-ODIWGS93	shared
MGA_707	Bl-ODIWGS93	shared
MGA_708	Bl-ODIWGS93	shared
MGA_709	Bl-ODIWGS93	shared
MGA_71	Bl-ODIWGS93	shared
MGA_710	Bl-ODIWGS93	shared
MGA_711	Bl-ODIWGS93	shared
MGA_713	Bl-ODIWGS93	shared
MGA_714	Bl-ODIWGS93	shared
MGA_715	Bl-ODIWGS93	shared
MGA_716	Bl-ODIWGS93	shared
MGA_718	Bl-ODIWGS93	shared
MGA_719	Bl-ODIWGS93	shared
MGA_72	Bl-ODIWGS93	shared
MGA_720	Bl-ODIWGS93	shared
MGA_721	Bl-ODIWGS93	shared
MGA_722	Bl-ODIWGS93	shared
MGA_723	Bl-ODIWGS93	shared
MGA_724	Bl-ODIWGS93	shared
MGA_725	Bl-ODIWGS93	shared
MGA_726	Bl-ODIWGS93	shared
MGA_727	Bl-ODIWGS93	shared
MGA_728	Bl-ODIWGS93	shared
MGA_729	Bl-ODIWGS93	shared
MGA_73	Bl-ODIWGS93	shared
MGA_730	Bl-ODIWGS93	shared
MGA_731	Bl-ODIWGS93	shared
MGA_733	Bl-ODIWGS93	shared
MGA_734	Bl-ODIWGS93	shared
MGA_735	Bl-ODIWGS93	shared
MGA_736	Bl-ODIWGS93	shared
MGA_737	Bl-ODIWGS93	shared
MGA_738	Bl-ODIWGS93	shared
MGA_739	Bl-ODIWGS93	shared
MGA_74	Bl-ODIWGS93	shared
MGA_740	Bl-ODIWGS93	shared
MGA_741	Bl-ODIWGS93	shared
MGA_742	Bl-ODIWGS93	shared
MGA_743	Bl-ODIWGS93	shared
MGA_744	Bl-ODIWGS93	shared
MGA_745	Bl-ODIWGS93	shared
MGA_746	Bl-ODIWGS93	shared
MGA_747	Bl-ODIWGS93	shared
MGA_748	Bl-ODIWGS93	shared
MGA_749	Bl-ODIWGS93	shared
MGA_75	Bl-ODIWGS93	shared
MGA_750	Bl-ODIWGS93	shared
MGA_751	Bl-ODIWGS93	shared
MGA_752	Bl-ODIWGS93	shared
MGA_753	Bl-ODIWGS93	shared
MGA_754	Bl-ODIWGS93	shared
MGA_755	Bl-ODIWGS93	shared
MGA_756	Bl-ODIWGS93	shared
MGA_757	Bl-ODIWGS93	shared
MGA_758	Bl-ODIWGS93	shared
MGA_759	Bl-ODIWGS93	shared
MGA_76	Bl-ODIWGS93	shared
MGA_760	Bl-ODIWGS93	shared
MGA_761	Bl-ODIWGS93	shared
MGA_762	Bl-ODIWGS93	shared
MGA_764	Bl-ODIWGS93	shared
MGA_765	Bl-ODIWGS93	shared
MGA_766	Bl-ODIWGS93	shared
MGA_767	Bl-ODIWGS93	shared
MGA_768	Bl-ODIWGS93	shared
MGA_769	Bl-ODIWGS93	shared
MGA_77	Bl-ODIWGS93	shared
MGA_770	Bl-ODIWGS93	shared
MGA_771	Bl-ODIWGS93	shared
MGA_772	Bl-ODIWGS93	shared
MGA_773	Bl-ODIWGS93	shared
MGA_774	Bl-ODIWGS93	shared
MGA_775	Bl-ODIWGS93	shared
MGA_776	Bl-ODIWGS93	shared
MGA_777	Bl-ODIWGS93	shared
MGA_778	Bl-ODIWGS93	shared
MGA_779	Bl-ODIWGS93	shared
MGA_78	Bl-ODIWGS93	shared
MGA_780	Bl-ODIWGS93	shared
MGA_781	Bl-ODIWGS93	shared
MGA_784	Bl-ODIWGS93	shared
MGA_785	Bl-ODIWGS93	shared
MGA_786	Bl-ODIWGS93	shared
MGA_787	Bl-ODIWGS93	shared
MGA_788	Bl-ODIWGS93	shared
MGA_789	Bl-ODIWGS93	shared
MGA_79	Bl-ODIWGS93	shared
MGA_790	Bl-ODIWGS93	shared
MGA_791	Bl-ODIWGS93	shared
MGA_792	Bl-ODIWGS93	shared
MGA_793	Bl-ODIWGS93	shared
MGA_795	Bl-ODIWGS93	shared
MGA_796	Bl-ODIWGS93	shared
MGA_797	Bl-ODIWGS93	shared
MGA_798	Bl-ODIWGS93	shared
MGA_799	Bl-ODIWGS93	shared
MGA_8	Bl-ODIWGS93	shared
MGA_80	Bl-ODIWGS93	shared
MGA_800	Bl-ODIWGS93	shared
MGA_801	Bl-ODIWGS93	shared
MGA_802	Bl-ODIWGS93	shared
MGA_803	Bl-ODIWGS93	shared
MGA_804	Bl-ODIWGS93	shared
MGA_805	Bl-ODIWGS93	shared
MGA_806	Bl-ODIWGS93	shared
MGA_807	Bl-ODIWGS93	shared
MGA_808	Bl-ODIWGS93	shared
MGA_809	Bl-ODIWGS93	shared
MGA_81	Bl-ODIWGS93	shared
MGA_810	Bl-ODIWGS93	shared
MGA_811	Bl-ODIWGS93	shared
MGA_812	Bl-ODIWGS93	shared
MGA_813	Bl-ODIWGS93	shared
MGA_814	Bl-ODIWGS93	shared
MGA_815	Bl-ODIWGS93	shared
MGA_816	Bl-ODIWGS93	shared
MGA_817	Bl-ODIWGS93	shared
MGA_818	Bl-ODIWGS93	shared
MGA_819	Bl-ODIWGS93	shared
MGA_82	Bl-ODIWGS93	shared
MGA_820	Bl-ODIWGS93	shared
MGA_821	Bl-ODIWGS93	shared
MGA_822	Bl-ODIWGS93	shared
MGA_823	Bl-ODIWGS93	shared
MGA_824	Bl-ODIWGS93	shared
MGA_825	Bl-ODIWGS93	shared
MGA_826	Bl-ODIWGS93	shared
MGA_827	Bl-ODIWGS93	shared
MGA_828	Bl-ODIWGS93	shared
MGA_829	Bl-ODIWGS93	shared
MGA_83	Bl-ODIWGS93	shared
MGA_830	Bl-ODIWGS93	shared
MGA_831	Bl-ODIWGS93	shared
MGA_832	Bl-ODIWGS93	shared
MGA_833	Bl-ODIWGS93	shared
MGA_834	Bl-ODIWGS93	shared
MGA_835	Bl-ODIWGS93	shared
MGA_836	Bl-ODIWGS93	shared
MGA_837	Bl-ODIWGS93	shared
MGA_838	Bl-ODIWGS93	shared
MGA_839	Bl-ODIWGS93	shared
MGA_84	Bl-ODIWGS93	shared
MGA_840	Bl-ODIWGS93	shared
MGA_841	Bl-ODIWGS93	shared
MGA_842	Bl-ODIWGS93	shared
MGA_843	Bl-ODIWGS93	shared
MGA_844	Bl-ODIWGS93	shared
MGA_845	Bl-ODIWGS93	shared
MGA_846	Bl-ODIWGS93	shared
MGA_847	Bl-ODIWGS93	shared
MGA_848	Bl-ODIWGS93	shared
MGA_849	Bl-ODIWGS93	shared
MGA_85	Bl-ODIWGS93	shared
MGA_850	Bl-ODIWGS93	shared
MGA_851	Bl-ODIWGS93	shared
MGA_852	Bl-ODIWGS93	shared
MGA_853	Bl-ODIWGS93	shared
MGA_854	Bl-ODIWGS93	shared
MGA_855	Bl-ODIWGS93	shared
MGA_856	Bl-ODIWGS93	shared
MGA_857	Bl-ODIWGS93	shared
MGA_858	Bl-ODIWGS93	shared
MGA_859	Bl-ODIWGS93	shared
MGA_86	Bl-ODIWGS93	shared
MGA_860	Bl-ODIWGS93	shared
MGA_861	Bl-ODIWGS93	shared
MGA_862	Bl-ODIWGS93	shared
MGA_863	Bl-ODIWGS93	shared
MGA_864	Bl-ODIWGS93	shared
MGA_865	Bl-ODIWGS93	shared
MGA_866	Bl-ODIWGS93	shared
MGA_867	Bl-ODIWGS93	shared
MGA_868	Bl-ODIWGS93	shared
MGA_869	Bl-ODIWGS93	shared
MGA_87	Bl-ODIWGS93	shared
MGA_870	Bl-ODIWGS93	shared
MGA_871	Bl-ODIWGS93	shared
MGA_872	Bl-ODIWGS93	shared
MGA_873	Bl-ODIWGS93	shared
MGA_874	Bl-ODIWGS93	shared
MGA_88	Bl-ODIWGS93	shared
MGA_880	Bl-ODIWGS93	shared
MGA_881	Bl-ODIWGS93	shared
MGA_882	Bl-ODIWGS93	shared
MGA_884	Bl-ODIWGS93	shared
MGA_885	Bl-ODIWGS93	shared
MGA_886	Bl-ODIWGS93	shared
MGA_888	Bl-ODIWGS93	shared
MGA_889	Bl-ODIWGS93	shared
MGA_89	Bl-ODIWGS93	shared
MGA_890	Bl-ODIWGS93	shared
MGA_891	Bl-ODIWGS93	shared
MGA_892	Bl-ODIWGS93	shared
MGA_9	Bl-ODIWGS93	shared
MGA_90	Bl-ODIWGS93	shared
MGA_904	Bl-ODIWGS93	shared
MGA_905	Bl-ODIWGS93	shared
MGA_906	Bl-ODIWGS93	shared
MGA_907	Bl-ODIWGS93	shared
MGA_908	Bl-ODIWGS93	shared
MGA_909	Bl-ODIWGS93	shared
MGA_91	Bl-ODIWGS93	shared
MGA_910	Bl-ODIWGS93	shared
MGA_911	Bl-ODIWGS93	shared
MGA_912	Bl-ODIWGS93	shared
MGA_913	Bl-ODIWGS93	shared
MGA_914	Bl-ODIWGS93	shared
MGA_915	Bl-ODIWGS93	shared
MGA_92	Bl-ODIWGS93	shared
MGA_928	Bl-ODIWGS93	shared
MGA_929	Bl-ODIWGS93	shared
MGA_93	Bl-ODIWGS93	shared
MGA_930	Bl-ODIWGS93	shared
MGA_931	Bl-ODIWGS93	shared
MGA_932	Bl-ODIWGS93	shared
MGA_933	Bl-ODIWGS93	shared
MGA_934	Bl-ODIWGS93	shared
MGA_935	Bl-ODIWGS93	shared
MGA_936	Bl-ODIWGS93	shared
MGA_938	Bl-ODIWGS93	shared
MGA_939	Bl-ODIWGS93	shared
MGA_94	Bl-ODIWGS93	shared
MGA_942	Bl-ODIWGS93	shared
MGA_943	Bl-ODIWGS93	shared
MGA_944	Bl-ODIWGS93	shared
MGA_945	Bl-ODIWGS93	shared
MGA_946	Bl-ODIWGS93	shared
MGA_947	Bl-ODIWGS93	shared
MGA_948	Bl-ODIWGS93	shared
MGA_949	Bl-ODIWGS93	shared
MGA_95	Bl-ODIWGS93	shared
MGA_950	Bl-ODIWGS93	shared
MGA_951	Bl-ODIWGS93	shared
MGA_952	Bl-ODIWGS93	shared
MGA_953	Bl-ODIWGS93	shared
MGA_954	Bl-ODIWGS93	shared
MGA_955	Bl-ODIWGS93	shared
MGA_956	Bl-ODIWGS93	shared
MGA_957	Bl-ODIWGS93	shared
MGA_958	Bl-ODIWGS93	shared
MGA_959	Bl-ODIWGS93	shared
MGA_96	Bl-ODIWGS93	shared
MGA_960	Bl-ODIWGS93	shared
MGA_962	Bl-ODIWGS93	shared
MGA_963	Bl-ODIWGS93	shared
MGA_964	Bl-ODIWGS93	shared
MGA_965	Bl-ODIWGS93	shared
MGA_966	Bl-ODIWGS93	shared
MGA_967	Bl-ODIWGS93	shared
MGA_968	Bl-ODIWGS93	shared
MGA_969	Bl-ODIWGS93	shared
MGA_97	Bl-ODIWGS93	shared
MGA_970	Bl-ODIWGS93	shared
MGA_971	Bl-ODIWGS93	shared
MGA_972	Bl-ODIWGS93	shared
MGA_973	Bl-ODIWGS93	shared
MGA_974	Bl-ODIWGS93	shared
MGA_976	Bl-ODIWGS93	shared
MGA_977	Bl-ODIWGS93	shared
MGA_978	Bl-ODIWGS93	shared
MGA_98	Bl-ODIWGS93	shared
MGA_980	Bl-ODIWGS93	shared
MGA_987	Bl-ODIWGS93	shared
MGA_988	Bl-ODIWGS93	shared
MGA_989	Bl-ODIWGS93	shared
MGA_99	Bl-ODIWGS93	shared
MGA_990	Bl-ODIWGS93	shared
MGA_991	Bl-ODIWGS93	shared
MGA_992	Bl-ODIWGS93	shared
MGA_995	Bl-ODIWGS93	shared
MGA_996	Bl-ODIWGS93	shared
MGA_997	Bl-ODIWGS93	shared
MGA_998	Bl-ODIWGS93	shared
MGA_999	Bl-ODIWGS93	shared
